Predicted solution,R2
0.3219 + -0.6092 * x_0,0.9938189592085064
0.3219 + -0.6092 * x_0,0.9938189592085064
0.3219 + -0.6092 * x_0,0.9938189592085064
0.3219 + -0.6092 * x_0,0.9938189592085064
0.3219 + -0.6092 * x_0,0.9938189592085064
