Predicted solution,R2
0.2933 + -0.3586 * x_0,0.9973085843883404
0.2719 + -0.3474 * x_0,0.9970800313395843
0.2936 + -0.3589 * x_0,0.9974223814156665
0.3050 + -0.3653 * x_0,0.9969800936830753
0.2888 + -0.3528 * x_0,0.9972154343687323
