Predicted solution,R2
-1.0468 * (x_0)**3,0.9961623348596539
-1.0468 * (x_0)**3,0.9961623348596539
-1.0468 * (x_0)**3,0.9961623348596539
-1.0468 * (x_0)**3,0.9961623348596539
-1.0468 * (x_0)**3,0.9961623348596539
