Predicted solution,R2
1.0714 * x_0 * (0.0596 * x_0 + 0.0867 * x_0 * sin(-0.0661 + 0.5869 * x_0)),0.9928760257976407
1.0714 * x_0 * (0.0596 * x_0 + 0.0867 * x_0 * sin(-0.0661 + 0.5869 * x_0)),0.9928760257976407
1.0714 * x_0 * (0.0596 * x_0 + 0.0867 * x_0 * sin(-0.0661 + 0.5869 * x_0)),0.9928760257976407
1.0714 * x_0 * (0.0596 * x_0 + 0.0867 * x_0 * sin(-0.0661 + 0.5869 * x_0)),0.9928760257976407
1.0714 * x_0 * (0.0596 * x_0 + 0.0867 * x_0 * sin(-0.0661 + 0.5869 * x_0)),0.9928760257976407
