Predicted solution,R2
1.3670 * (1.0300 + -0.0952 * x_0)**-1 + -1.0899 * (-1.0110 + -0.8523 * x_0)**-1,0.13252867595115958
1.3670 * (1.0300 + -0.0952 * x_0)**-1 + -1.0899 * (-1.0110 + -0.8523 * x_0)**-1,0.13252867595115958
1.3670 * (1.0300 + -0.0952 * x_0)**-1 + -1.0899 * (-1.0110 + -0.8523 * x_0)**-1,0.13252867595115958
1.3670 * (1.0300 + -0.0952 * x_0)**-1 + -1.0899 * (-1.0110 + -0.8523 * x_0)**-1,0.13252867595115958
1.3670 * (1.0300 + -0.0952 * x_0)**-1 + -1.0899 * (-1.0110 + -0.8523 * x_0)**-1,0.13252867595115958
