Predicted solution,R2
0.3971 * x_0 + -0.0040 * (x_0)**2,0.99704562681537
0.3971 * x_0 + -0.0040 * (x_0)**2,0.99704562681537
0.3971 * x_0 + -0.0040 * (x_0)**2,0.99704562681537
0.3971 * x_0 + -0.0040 * (x_0)**2,0.99704562681537
0.3971 * x_0 + -0.0040 * (x_0)**2,0.99704562681537
