Predicted solution,R2
0.0669 * x_0 + 0.5733 * sin(0.4686 + 0.6219 * x_0),0.9775577047600555
0.0669 * x_0 + 0.5733 * sin(0.4686 + 0.6219 * x_0),0.9775577047600555
0.0669 * x_0 + 0.5733 * sin(0.4686 + 0.6219 * x_0),0.9775577047600555
0.0669 * x_0 + 0.5733 * sin(0.4686 + 0.6219 * x_0),0.9775577047600555
0.0669 * x_0 + 0.5733 * sin(0.4686 + 0.6219 * x_0),0.9775577047600555
