Predicted solution,R2
0.0515 * x_0,0.9926866052432214
0.0515 * x_0,0.9926866052432214
0.0515 * x_0,0.9926866052432214
0.0515 * x_0,0.9926866052432214
0.0515 * x_0,0.9926866052432214
