Predicted solution,R2
0.6742 * (x_0)**2 + -0.6025 * x_0,0.9977547496597519
0.6742 * (x_0)**2 + -0.6025 * x_0,0.9977547496597519
0.6742 * (x_0)**2 + -0.6025 * x_0,0.9977547496597519
0.6742 * (x_0)**2 + -0.6025 * x_0,0.9977547496597519
0.6742 * (x_0)**2 + -0.6025 * x_0,0.9977547496597519
