Predicted solution,R2
0.2234 * x_0,0.9926312369410696
0.2353 * x_0,0.9009020055451087
0.2234 * x_0,0.9926312369410696
0.2319 * x_0,0.917277010750331
0.2319 * x_0,0.9080881869269887
