Predicted solution,R2
0.3777 * x_0 + -0.0041 * (x_0)**2,0.9972123728858044
0.3777 * x_0 + -0.0041 * (x_0)**2,0.9972123728858044
0.3777 * x_0 + -0.0041 * (x_0)**2,0.9972123728858044
0.3777 * x_0 + -0.0041 * (x_0)**2,0.9972123728858044
0.3777 * x_0 + -0.0041 * (x_0)**2,0.9972123728858044
