Predicted solution,R2
0.7843 * x_0 + -0.0106 * (x_0)**2,0.9958590358997201
0.7843 * x_0 + -0.0106 * (x_0)**2,0.9958590358997201
0.7843 * x_0 + -0.0106 * (x_0)**2,0.9958590358997201
0.7843 * x_0 + -0.0106 * (x_0)**2,0.9958590358997201
0.7843 * x_0 + -0.0106 * (x_0)**2,0.9958590358997201
