Predicted solution,R2
0.9388 * x_0 + -0.9908 * (x_0)**2,0.9972941996629022
0.9388 * x_0 + -0.9908 * (x_0)**2,0.9972941996629022
0.9388 * x_0 + -0.9908 * (x_0)**2,0.9972941996629022
0.9388 * x_0 + -0.9908 * (x_0)**2,0.9972941996629022
0.9388 * x_0 + -0.9908 * (x_0)**2,0.9972941996629022
