Predicted solution,R2
0.1432 * x_0 + -6.4716 * sin(0.0517 + 0.2624 * x_0),-0.5475611525248838
0.1432 * x_0 + -6.4716 * sin(0.0517 + 0.2624 * x_0),-0.5475611525248838
0.1432 * x_0 + -6.4716 * sin(0.0517 + 0.2624 * x_0),-0.5475611525248838
0.1432 * x_0 + -6.4716 * sin(0.0517 + 0.2624 * x_0),-0.5475611525248838
0.1432 * x_0 + -7.3277 * sin(0.0517 + 0.2790 * x_0),-0.6665260541475864
