Predicted solution,R2
3.4514 * (-0.1844 + x_0)**2 + -0.0132 * (1.4190 + -895.3521 * x_0)**-1,-0.3076594726632318
3.4514 * (-0.1844 + x_0)**2 + -0.0132 * (1.4190 + -895.3521 * x_0)**-1,-0.3076594726632318
3.4514 * (-0.1844 + x_0)**2 + -0.0132 * (1.4190 + -895.3521 * x_0)**-1,-0.3076594726632318
3.4514 * (-0.1844 + x_0)**2 + -0.0132 * (1.4190 + -895.3521 * x_0)**-1,-0.3076594726632318
3.4514 * (-0.1844 + x_0)**2 + -0.0132 * (1.4190 + -895.3521 * x_0)**-1,-0.3076594726632318
