Predicted solution,R2
2.2465 * x_0 + -0.5348 * (x_0)**2,0.9957961635733299
2.4023 * x_0 + -0.5679 * (x_0)**2,0.9952151286174168
2.1098 * x_0 + -0.5202 * (x_0)**2,0.9866184804825021
2.2569 * x_0 + -0.5443 * (x_0)**2,0.9979088721762605
2.0838 * x_0 + -0.5037 * (x_0)**2,0.9615046698782607
