Predicted solution,R2
0.3935 * x_0 + -0.2616 * (x_0)**2,0.9948940332039466
0.3935 * x_0 + -0.2616 * (x_0)**2,0.9948940332039466
0.3935 * x_0 + -0.2616 * (x_0)**2,0.9948940332039466
0.3935 * x_0 + -0.2616 * (x_0)**2,0.9948940332039466
0.3935 * x_0 + -0.2616 * (x_0)**2,0.9948940332039466
