Predicted solution,R2
1.2389 + -0.8531 * x_0,0.984186413453991
1.2389 + -0.8531 * x_0,0.984186413453991
1.2389 + -0.8531 * x_0,0.984186413453991
1.2389 + -0.8531 * x_0,0.984186413453991
1.2389 + -0.8531 * x_0,0.984186413453991
