Predicted solution,R2
1.5632 * x_0 + -0.0966 * (x_0)**2,0.9757745263410944
1.5632 * x_0 + -0.0966 * (x_0)**2,0.9757745263410944
1.5632 * x_0 + -0.0966 * (x_0)**2,0.9757745263410944
1.5632 * x_0 + -0.0966 * (x_0)**2,0.9757745263410944
1.5632 * x_0 + -0.0966 * (x_0)**2,0.9757745263410944
