Predicted solution,R2
-0.1856 * sin(-19.7500 + 0.5359 * x_0) + -0.4691 * (x_0)**2 + -1.2864 * x_0,0.9950403671926923
0.2021 * (1.2280 + -0.0287 * x_0)**-1 + -0.4808 * (x_0)**2 + -1.2484 * x_0,0.9930136832817156
0.2177 * sin(2.2440 + 2.7423 * x_0) + -0.9537 * x_0,0.9896970786391394
0.2865 * sin(15.1100 + 2.1445 * x_0) + -0.8406 * x_0,0.993543935934309
0.2823 * sin(15.1100 + 2.1764 * x_0) + -0.8406 * x_0,0.9920408226565213
