Predicted solution,R2
0.7748 * x_0 + -0.0096 * (x_0)**2,0.9963805870618057
0.7748 * x_0 + -0.0096 * (x_0)**2,0.9963805870618057
0.7748 * x_0 + -0.0096 * (x_0)**2,0.9963805870618057
0.7748 * x_0 + -0.0096 * (x_0)**2,0.9963805870618057
0.7748 * x_0 + -0.0096 * (x_0)**2,0.9963805870618057
