Predicted solution,R2
0.1800 * x_0 + -0.0520 * sin(-11.6600 + 0.0686 * x_0),0.9952993772494484
0.1800 * x_0 + -0.0520 * sin(-11.6600 + 0.0686 * x_0),0.9952993772494484
0.1800 * x_0 + -0.0520 * sin(-11.6600 + 0.0686 * x_0),0.9952993772494484
0.1800 * x_0 + -0.0520 * sin(-11.6600 + 0.0686 * x_0),0.9952993772494484
0.1800 * x_0 + -0.0520 * sin(-11.6600 + 0.0686 * x_0),0.9952993772494484
