Predicted solution,R2
-0.0005 * (-1 + -0.8387 * x_0)**2 + -10.0608 * sin(-14.3800 + 0.0240 * x_0),0.9954809795456518
10.0661 * sin(13.9900 + 0.0223 * x_0) + -0.0228 * x_0,0.9949060277153031
12.7080 + -0.1820 * x_0,0.9910643373320988
1.9099 * (-1.0320 + -0.2794 * x_0)**-1 + -2.2590 * (-0.0544 + -0.0239 * x_0)**-1,0.29167666738982945
408.9873 * (-0.0544 + x_0)**2 + -5.3700 * x_0,-7.743934216191823
