Predicted solution,R2
0.0838 * x_0 + -7.4104 * (-1 + -0.0061 * x_0)**2,0.9924349225076179
-6.9516 + 0.0237 * x_0 + 0.6116 * (1.0420 + 2.0386 * x_0 * (0.0593 + -0.0905 * x_0)**-1)**-1,0.9947602503052365
-6.9516 + 0.0237 * x_0 + 0.6116 * (1.0420 + 2.0386 * x_0 * (0.0593 + -0.0905 * x_0)**-1)**-1,0.9947602503052365
-6.9516 + 0.0237 * x_0 + 0.6116 * (1.0420 + 2.0386 * x_0 * (0.0593 + -0.0905 * x_0)**-1)**-1,0.9947602503052365
-6.9516 + 0.0237 * x_0 + 0.6116 * (1.0420 + 2.0386 * x_0 * (0.0593 + -0.0905 * x_0)**-1)**-1,0.9947602503052365
