Predicted solution,R2
0.4116 * x_0 + -0.0042 * (x_0)**2,0.9974363381742868
0.4116 * x_0 + -0.0042 * (x_0)**2,0.9974363381742868
0.4116 * x_0 + -0.0042 * (x_0)**2,0.9974363381742868
0.4116 * x_0 + -0.0042 * (x_0)**2,0.9974363381742868
0.4116 * x_0 + -0.0042 * (x_0)**2,0.9974363381742868
