Predicted solution,R2
0.8549 * sin(15.3300 + 1.1595 * x_0) + -0.3731 * x_0,0.9909293787593096
0.8549 * sin(15.3300 + 1.1595 * x_0) + -0.3731 * x_0,0.9909293787593096
0.8549 * sin(15.3300 + 1.1595 * x_0) + -0.3731 * x_0,0.9909293787593096
0.8549 * sin(15.3300 + 1.1595 * x_0) + -0.3731 * x_0,0.9909293787593096
0.8549 * sin(15.3300 + 1.1595 * x_0) + -0.3731 * x_0,0.9909293787593096
