Predicted solution,Loss
cos(log(u ^ 1.5450299)) + (6.828827 + (log(u) - (2.2500784 * cos(-0.08776908 * u)))),0.034695756
exp(exp(cos(sin(sin(((u + u) + 1.4324785) ^ 0.26351753))))) - 1.5635856,0.02922108
1.006383 + (sin(exp(cos(log(u + 1.5003437) + 1.5003437))) / 0.08053567),0.016433693
(sin(1.0640594) + exp(exp(cos(sin(log(exp(1.3616105) + (u * 0.51920676))))))) / 1.1934891,0.024545055
exp(exp(cos(sin(sin(log(u + 1.6074703) ^ sin(1.093466))))) - 0.048819456) - 1.128065,0.038827147
