Predicted solution,Loss
(sin(u * 0.031453896) / 0.105896264) + 0.48111916,0.16826488
(exp((sin((1.0122893 ^ u) - 0.3277442) / 0.61179686) + sin(1.0122893)) - 0.89663506) - 0.89663506,0.18787621
((0.41890073 - sin(0.004225549 * u)) * u) + -0.81000954,0.21819465
exp(exp(sin(cos(log(cos(log(u) / 0.5950428)))))) - cos(cos(0.23738723 * (u / -1.2839451))),0.081088886
exp(exp(sin(exp(-0.015152654))) - -0.07128866) * cos(sin(u * -0.03185516) - -1.4905082),0.20785119
