Predicted solution,Loss
(11.235466 - ((0.0020474216 * u) * u)) - 1.6426457,0.049969137
(((257.71066 + u) / (20.374697 + (1.0678827 ^ u))) - 1.7177818) + -0.8112656,0.05058742
(-0.0020497327 * (u * (u + sin(u)))) + 9.602074,0.040955517
log(exp((sin(cos(u * exp(-3.574476))) * 8.1122) + exp(1.0856208))),0.030695705
((1.0555246 + 0.531978) + (sin(cos(-0.25676692 * (u / 9.658187))) * 8.87016)) + cos(cos(u / 9.658187)),0.020286812
