Predicted solution,Loss
sin(0.10177328 * (0.044338085 ^ (u + u))),1.0185298e-06
sin(sin(0.101777576 / exp((sin(u) * u) ^ sin(sin((0.16040556 - u) * 1.860644))))),3.718215e-07
sin(0.101936236 / (exp(exp(1.8283232)) ^ u)),1.0096343e-06
sin(sin(sin(exp(-5.8793426) ^ sin(sin(sin(exp(((exp(-0.6710827) - -0.14576647) - u) ^ sin(u)))))))),4.3049346e-07
sin(sin(0.069268815 ^ sin((u + (0.4874728 * u)) / 0.5304697)) * sin(0.11972184)),4.0675135e-07
