Predicted solution,Loss
((t / 0.24266519) + (exp(exp(sin(cos(t) - t))) * sin(t / -0.17406891))) - -0.7137948,0.6317163
t / 0.2306881,7.6428294
exp(t),11.829547
((t / 0.20864189) - (sin(t / 0.17097591) / 0.31896728)) - 0.8033142,2.298657
t / 0.23431541,7.652669
