Predicted solution,Loss
u * -8.986324,0.20921728
u * -8.986315,0.2092173
(-8.9863825 * u) - -0.03336832,0.20810339
u * -8.986316,0.20921728
(u * -8.986411) + 0.03337485,0.20810336
