Predicted solution,Loss
(0.20572658 - sin(u)) + (-0.025450505 * cos(cos(u) / u)),0.00043164994
(0.21447267 - sin(u)) * cos(log(cos(exp(sin(u)) + 0.086548924))),0.00032726573
cos(exp(sin(u) / 0.40955383) * (sin(-0.7984583) - u)) * (0.24764445 - sin(u)),0.00016877524
(0.21146265 - sin(u)) * cos(log(cos(exp(u)))),0.00032392936
cos(sin(exp(exp(u))) - 0.94086725) * (0.21854316 - sin(u)),0.00026241265
