Predicted solution,Loss
sin(u) + ((u / t) * sin(0.9599915 * log(t))),2.0065973
(((1.2339857 ^ u) + 0.85637915) - (((u - sin(exp(0.24196678))) / t) * 1.2622705)) + sin(u),0.8240831
((-2328.2085 - 2327.892) / ((t * (t * ((1.3725392 ^ u) - -2225.688))) + -2.13566)) + t,1.4123971
((sin(u) - (log(u) ^ 4.7217827)) + -1.0494193) + u,2.4426658
sin(u) + (u - ((log(u) ^ 4.7154922) + 1.3389219)),2.4723327
