Predicted solution,Loss
((cos(-0.23099378) + (sin(cos(0.27832007)) + sin((0.28654468 * u) - -0.6377185))) ^ 1.4618307) - 0.58111125,0.00022342568
(exp(sin(1.1065611 ^ (u + cos(0.55515426)))) ^ 1.33372) - 0.111610465,0.00088656705
(exp(cos(1.475416 - (1.1077187 ^ (log(1.475416) + u)))) + -0.10715598) ^ 1.364414,0.0012834652
((sin(u ^ 0.32298723) ^ (u - sin(-0.17375459))) * 3.7658856) - -0.17375459,0.0064925714
((3.537976 - -0.12920977) - (sin(0.36468053) * (u ^ 0.7789797))) - sin(sin(sin(-0.38578033) * u)),0.009425105
