Predicted solution,Loss
((cos(u) * 0.3766936) + (sin(sin(sin(0.04328318 * u))) * exp(exp(1.0416533)))) - -1.1386318,0.44464153
0.9037479 + ((sin(sin(0.043769144 * u)) * (16.099718 - 0.9857628)) + 0.9857628),0.5378469
(sin(u * 0.044286594) * 13.062087) + 2.008058,0.55081075
((u * -0.049032602) + exp(exp(sin(sin((u * -0.049032602) - -0.31049168) + -3.8215635)))) + -0.9063944,0.59585404
((sin(u * 0.04384058) / 0.0751068) - -0.5416447) - -1.1872529,0.54066825
