Predicted solution,Loss
sin((0.30075228 / (exp((0.18167241 / u) - u) + exp(0.9110349))) - u) - -0.078962475,0.0005347077
sin(0.12228301 - sin(u)) * 1.1438788,0.0008686794
sin(0.13943423 - sin(sin(u))) - (u * 0.13885465),0.0007403763
sin(0.12230262 - sin(u)) * 1.1455246,0.00086925476
0.07502144 + sin(((sin(0.062250096 / u) * -0.066533096) - u) + 0.07502144),0.0006369154
