Predicted solution,Loss
((-0.10958505 * u) + 1.7806185) * u,0.006215216
(5.5891337 * sin(sin(u * 0.19309661))) / 0.6624287,0.004866529
cos(0.47382677 * u) + ((16.146059 - u) / 0.86141384),0.0051411083
sin(sin(0.19309197 * u)) / 0.11873036,0.004872634
sin(u ^ 0.41039813) / (0.7665456 / u),0.005417546
