Predicted solution,Loss
(sin(cos(u * 0.08924592)) + log(u)) - -1.3015257,0.08495591
exp(cos(0.08964324 * u)) + log(exp(exp(cos(u * (0.08964324 + -0.24309061))) + 0.8728189) + u),0.021455642
0.02336083 + (exp(sin(-0.065096244 * u)) - log(0.02336083)),0.055334575
(exp(cos(sin(sin(sin(sin(sin(-1.4753952 * log(u)) / 0.71487457)))))) ^ 2.0004878) - 0.71487457,0.060464416
(log(u) + exp(cos(log(0.9143224 ^ u)))) - -0.15783252,0.051883638
