Predicted solution,Loss
(sin(cos(0.094856195) ^ (-2.839994 * u)) * exp(2.0587022)) + 1.261625,0.066112034
0.2853496 + (8.602358 * sin((sin(0.2853496 * u) - u) / -29.640661)),0.04412763
(cos(sin(0.12818074 * u)) + (sin(u * 0.03453673) / 0.12818074)) + 0.34739318,0.040296428
(((u * sin(-0.17552522)) - -19.093277) - sin(cos(u * -0.13780743))) - 1.1371527,0.03603121
(sin(0.032730624 * u) * 9.102337) + -0.53904575,0.06899855
