Predicted solution,Loss
((sin(u) + -0.81861573) / 1.2857944) * u,4.0065446e-05
((sin(u) - 0.8372422) * sin(u)) * 0.77236176,3.8143313e-05
(u * sin(u + 0.34406233)) - u,4.1741703e-05
(sin(sin(sin(u))) + -0.6973167) * u,3.817425e-05
((sin(u) * 0.7777824) - 0.63666135) * u,4.005911e-05
