Predicted solution,Loss
(u / -0.44575766) / (cos(u) ^ 1.8930299),0.027177906
(-29.66549 * u) + ((sin(u) * 29.03393) - u),0.019869884
(sin(u) * 29.03376) - (u * 30.66533),0.01986988
(u * -2.0003726) / (cos(u) ^ 2.4528275),0.02285136
sin(u / 0.2692808) - (u / 0.20766225),0.023103794
