Predicted solution,Loss
"sin((-0.7095345 - u) * (sin(t + -0.13705398) * (((0.5595476 ^ t) * diff(u,t)) + cos(t + -0.10962296))))",0.003154979
sin(sin((t + -0.1516702) + t) * -0.41053656),0.007290755
sin(((exp(t * -0.3637362) ^ (0.97272617 ^ t)) - u) / 0.257253),0.0033206737
sin(sin(-1.9853711 * t) / exp(0.43339044 ^ u)),0.0047741635
"sin((-0.391952 + (diff(u,t) * u)) * sin(t / 0.5037579))",0.004028073
