Predicted solution,Loss
(((0.021494789 * u) * u) - (sin(u) * 0.06847133)) - 0.46892715,0.004337898
((0.24042387 * u) - exp(0.24042387 * (sin(u * -1.356859) / u))) ^ 1.5456322,0.003512202
(exp(cos((u - -0.563211) - -0.8731641)) / u) + (-0.6245193 + (0.0218643 * ((u * u) - 0.118566215))),0.003075978
((log(u) - 1.1703371) ^ exp(1.2118633)) - -0.13804133,0.004729732
log(((u ^ 0.26427948) + -0.7067443) ^ (u - exp(cos(sin(u))))) - -0.7013776,0.0032846064
