Predicted solution,Loss
((12.642173 / (-3.4538364 - t)) * u) + (sin(4.8715506 / exp(t)) * t),0.02862367
"(0.72940624 ^ t) * ((1.1285247 - ((t - -2.3790343) * u)) - diff(u,t))",0.029023007
"(((0.15797344 - sin(u)) * 3.9261677) - diff(u,t)) / (1.2707459 ^ ((t + -1.0930845) + diff(u,t)))",0.030875236
"(cos(0.772393) ^ t) * (((-3.2377396 - t) * u) - (diff(u,t) + -1.4636616))",0.023618652
(-2.0048323 * ((cos(-0.6541378) ^ (t - exp(0.82026535))) * sin(t / 0.60137045))) * 1.3242422,0.02945924
