Predicted solution,Loss
sin(0.4425599 / log(cos(cos(cos((sin(0.38527808) * 0.79100406) + t))) - (-0.7250797 - t))),9.649988e-06
sin((cos(0.49865705) / (exp(t) + 0.3624871)) + 0.2473545),1.1815574e-05
sin(sin((u ^ (cos(u) / (u - 0.07367699))) / (t + sin(sin(t) + 0.07367699)))),3.7681534e-06
sin(((0.27615675 ^ t) * u) - sin(-0.25594836)),1.46847415e-05
sin(0.26890844 + (0.34997895 / (t * cos(sin(sin(-1.9772125 / t)))))) * 0.72403014,7.5678468e-06
