Predicted solution,Loss
(exp(0.09998683 / 0.31463388) - (u / 1.0171454)) + (0.049809296 * (u + (u * u))),4.401058e-06
(sin((-0.5556536 * (u * sin(1.0911433 ^ log(0.9066787)))) - -0.74818873) / 0.7901852) * 1.2782245,3.526556e-06
-0.38690448 + cos(u / -1.3609145),7.995933e-06
(0.40007478 + ((u ^ u) ^ 0.09575025)) - (0.91697055 * u),2.8326742e-06
sin((((0.8071953 / (u + 0.9044637)) + u) ^ sin(0.8071953)) - u) / 0.6423942,2.9028934e-07
