Predicted solution,Loss
(sin(sin(u + sin(-0.5332882)) + 0.49159592) - -0.033704612) / 0.5042441,0.00017551186
2.091479 * sin(sin(sin(u + (sin(-0.5327207) + (cos(u) * -0.0013818262)))) + sin(0.028850796 - -0.49901876)),9.578884e-05
2.1543124 * sin((sin(sin(sin(u + -0.50615627))) + -0.50172174) + 0.9899066),0.00015265378
(2.6115031 + log(cos(cos(sin(1.370512) + u)))) * sin(0.7493511 * u),0.00066365575
(sin((sin(sin(0.47488353) * u) ^ exp(0.7107337)) + sin(u)) / 0.4881382) + sin(cos(1.5814722)),0.0001858902
