Predicted solution,Loss
cos(cos(u) / ((u / -1.3182088) * u)) / (-0.07736121 / ((log(u) - -0.18109737) / u)),0.011992387
sin(sin(sin(0.83312196 - u)) * 1.3770093) / 0.15278259,0.02203302
((sin((u + 1.686046) ^ u) - u) / 0.16118143) / ((u + 1.686046) * 0.7857723),0.017354794
((cos(sin(sin(sin(exp(u))) / log(u))) - u) / -0.78231114) - ((-10.321834 / u) - -12.370383),0.009308025
cos(u + sin(u)) * (cos((cos(u) / u) / u) / 0.16879186),0.017038463
