Predicted solution,Loss
(-7.9838095 * (u - sin(u))) - sin(u * (sin(u) - u)),0.011577934
(sin(-1.5421149) * (u ^ (cos(sin(sin(-0.90945005) - u)) + (2.475061 + -0.3671585)))) - log(sin(1.3736789)),0.010908086
(u * ((sin(sin(u ^ (u ^ 0.607343))) - (u ^ 1.5595914)) - u)) / 1.1363107,0.009839039
(sin(u * -0.7969345) / exp(-1.2150106 / (exp(exp(0.07942845) / u) / u))) * u,0.018272532
((cos(u) - 1.6009728) * (u * u)) - (-0.05792002 / (((u - (-1.7880334 - 0.46240842)) ^ 0.5410874) - u)),0.010277543
