Predicted solution,Loss
0.5057433 / u,8.83328e-05
sin(0.3427028),0.0054624705
0.5057433 / u,8.83328e-05
sin(0.34270322),0.0054624705
0.5057433 / u,8.83328e-05
