Predicted solution,Loss
-7.60832 + sin(sin(log(exp(1.2872273) - (u / 1.8935019)))),0.0008724803
sin(sin((0.027433615 * u) + cos(cos(-0.8518526)))) + -7.362992,9.3771436e-05
cos(cos(-0.17514539) + ((-0.051448762 * u) * 0.5012329)) + -7.2189136,0.00013878917
sin(log(3.994777 + ((0.55987245 * u) - u))) + -7.7288294,0.0012923045
-7.2065096 + sin(((0.02101389 / 0.8172569) * u) + 0.55474263),0.00015178246
