Predicted solution,Loss
1.9835426 - (u / t),9.0444
1.9834663 - (u / t),9.0444
1.9834659 - (u / t),9.0444
1.9834213 - (u / t),9.0444
1.9835119 - (u / t),9.0444
