Predicted solution,Loss
(cos(u * 0.19161221) ^ sin(u)) - sin(sin(sin(u + 0.46418115))),0.006253573
(1.0068144 - sin((1.1259536 / u) + u)) ^ ((1.0068144 ^ 0.29432374) ^ exp(u)),0.0020397701
sin(sin(sin(sin(sin(sin(u * 0.3621315) ^ u) + -0.07694173)))) * (u - cos(-1.0966725)),0.0009904186
((0.15912192 ^ sin(0.3268654 + u)) - -0.13188002) ^ (exp(0.7585057) ^ (cos(u - 0.64378154) - 0.37605348)),0.006316557
(0.41193348 - sin(u)) - sin((((u * sin(0.97847617)) - 0.98421866) * sin(-0.7571278)) - sin(sin(u))),0.0010713281
