Predicted solution,Loss
3.1392434 - (u / t),5.9025297
3.139212 - (u / t),5.90253
3.1393034 - (u / t),5.90253
(0.87551016 - u) / t,7.508943
3.1391945 - (u / t),5.90253
