Predicted solution,Loss
0.8794575 * ((sin(u / cos((sin(cos(-0.3999233)) * u) * u)) - u) - 0.045260824),0.0006507345
((0.0006851779 / cos(u * u)) * (exp(u * u) ^ 2.3025374)) + -0.041717548,0.0006427245
(sin(u / cos(sin((u - -0.11076775) * u) * u)) - u) - 0.041116618,0.0006027609
(((sin(u / cos(u)) - u) * cos((cos(cos(u)) / -0.25740066) - 1.799338)) * u) - 0.040045034,0.00067087665
(sin(u / cos(sin(u) * u)) - u) - 0.039919663,0.0014354148
