Predicted solution,Loss
sin(u / -0.48321956),0.0023046392
sin(-2.0695062 * u),0.0023046373
sin(u * -2.069481),0.0023046378
sin(-2.0694737 * u),0.002304639
sin(-2.0694864 * u),0.0023046383
