Predicted solution,Loss
"((0.12089262 * (diff(u,t) + (0.072878644 * (0.066155486 * x3)))) * 0.00906198) - (-0.0051649073 - u)",0.00012157849
sin(0.005295163),0.00050463004
"0.00030569942 * diff(u,t)",0.00047126054
sin(0.0052942587),0.00050463004
"0.00044997575 * diff(u,t)",0.0004849383
