Predicted solution,Loss
sin(sin(sin(u * (1.4701824 - u)) * cos(sin(u ^ cos(exp(u))) ^ 0.25488997))),7.468627e-05
(((sin(exp(0.9773892) + u) + sin(0.98341376)) * u) * 0.70606625) * u,0.00010598003
sin(cos(cos(cos(2.1320782 ^ (u - -0.7836174)) / u)) * cos(u - (2.1320782 ^ u))),5.7236182e-05
sin((cos(log(sin(u) ^ u)) * 0.95178753) * cos(u + 0.102070324)),8.624199e-05
sin((1.4679942 - u) * u) * 0.5353188,0.00011251958
