Predicted solution,Loss
u / cos(1.7207028),3.3378758
u * -9.025722,0.6508615
(-9.0258465 * u) + -0.054006293,0.6479445
u / -0.11083135,0.6508654
(u * -9.025846) - 0.05400722,0.6479445
