Predicted solution,Loss
exp(exp(sin(cos(0.6027939) + exp(sin(sin(0.7346774 * log(u))))))) - (-0.31068224 * log(u)),0.030232107
(exp(1.1948951 - (sin(sin(log(u)) - -0.7348756) - 0.7741202)) ^ 1.2665606) - -0.010925226,0.057233106
((2.5498962 * (0.1779206 ^ sin(log(u)))) - -1.4402204) + 1.3385189,0.08584564
1.8575771 + exp(exp(cos(log(u) - (-0.64835346 - 1.1442876))) - 0.04384744),0.007921786
(0.1476889 * u) + ((sin(-0.07288086 * u) * 1.7664951) - -3.3311262),0.043312702
