Predicted solution,Loss
exp(exp(sin(exp(3.1155682 / u) ^ -1.5713302) ^ 1.3040259)) - -0.003870498,0.01045314
log(u + exp(1.3029636)) * exp(sin(sin(cos(sin(log(u + 1.3029636)))))),0.0033941425
exp((exp(-0.18443276 - ((u + u) * 0.08979445)) - (-1.3362656 + 1.0876536)) ^ -0.4947173),0.0021046563
log((u * u) - -9.555334) - sin(log(sin(cos(cos(log(u)))))),0.01250487
((u ^ (0.35135382 ^ 0.9063873)) + 2.6173315) - sin(u ^ 0.48692566),0.0015928096
