Predicted solution,Loss
(0.283407 ^ (t ^ (sin(t) + 1.2667892))) + 0.01849159,3.3948222e-06
((t * -0.51878744) + cos(sin(t * exp(-0.29296613)) * 0.9178677)) * 1.023758,1.4273201e-06
((sin(sin(cos(t - t)) ^ u) * (0.64743936 * cos(t))) ^ t) - -0.029329756,4.2515453e-06
(sin(cos(0.3182817 - (1.3514748 ^ (t + 0.552155)))) ^ t) + 0.016944196,4.1549797e-06
((cos(cos(log(cos((1.2721952 ^ -0.05740271) - u)))) * cos(t)) ^ t) / (1.2721952 ^ -0.05740271),4.4860913e-06
