Predicted solution,Loss
sin(((0.050779432 ^ 0.9688351) * sin(cos(sin(u)))) * (sin(cos(cos(-0.79020715)) * u) + u)),2.5532368e-06
sin((1.6506361 * sin(((0.07929554 ^ (cos(log(0.7545032)) ^ 0.41156867)) / (cos(1.1731707) ^ u)) + 0.023639295)) * 0.10758299),7.685215e-07
(0.05263575 / exp(cos(sin(cos(-0.49851024)) - ((-1.9658508 * u) / -1.5800492)))) - -0.034871988,1.6853695e-06
sin(sin(((exp(u) + u) - 0.12900844) * 0.061942328) * 0.178153),8.625045e-07
sin(sin(0.43677872) * (sin(0.3715448 * (u * (0.3715448 * u))) * 0.43813828)),3.2962757e-06
