Predicted solution,Loss
sin(sin(0.36119992) * sin(((u + (u + (-1.1771386 / exp(0.2863462)))) + -0.10675387) * 0.3824546)),1.0646731e-06
sin((sin(u + -0.9330856) * 0.22639664) - (exp(log(u) / (exp(u) + (u * u))) * -0.117568225)),1.23458e-07
((u - 1.0774213) + sin(u ^ (cos(0.49997643 ^ (u ^ u)) ^ 0.7095054))) * sin(sin(0.17444223)),3.0204805e-07
sin(((((-0.2009111 * u) / ((u ^ (u + 1.1672869)) * sin(u))) / 0.7417219) * u) - sin(-0.4714666)),2.7210996e-07
sin(sin(sin(0.39771748 - (u * cos(exp(-0.38294852)))) * -0.35917163)),8.7064834e-08
