Predicted solution,Loss
-63.229492 * u,25.627338
-63.13513 * u,25.631891
(-63.327 * u) + t,24.903267
t + (-63.327 * u),24.903267
u / -0.01582205,25.627695
