Predicted solution,Loss
(0.46565163 - (sin(log(0.9687105) * u) * 8.962619)) / 0.9687105,0.08509749
(17.428097 ^ sin(cos(0.13032585) ^ (0.1261693 - u))) + -7.866628,0.12828818
((0.37045363 - (0.003909374 * (-4.253623 + u))) / sin(1.5696491)) * u,0.06229212
(u * (0.4161996 + (u * -0.004137914))) - cos(0.68846494),0.06974023
(sin(0.031833332 * u) * 9.108066) + 0.6379427,0.08540181
