Predicted solution,Loss
sin(((cos(sin(sin(u))) ^ u) * sin(sin(0.9438387 - u))) * u) - -0.022668581,5.744928e-07
sin(sin(u) * (-0.9723218 * (u - 0.9698002))),1.7349361e-06
sin(sin(sin(0.9495468 - u) * sin(u)) - -0.012624685),5.978025e-07
sin(sin((sin(u) / (cos(u) ^ (-0.91948897 * (log(2.3493986) * -0.41410708)))) - (u * (u - -0.058330663)))),1.3047342e-06
sin((0.9649074 - (u ^ 0.92003995)) * u),1.8243128e-06
