Predicted solution,Loss
"((exp(t ^ 37.00726) ^ -4.1606383) * (diff(u,t) * 4.2273955)) + 4.2273955",496.34103
"(diff(u,t) / (0.19608176 + (t ^ u))) - u",1016.0753
"(diff(u,t) / ((t ^ u) + 0.21750225)) - -0.64654016",1246.4711
"(diff(u,t) / 0.23454706) - (1.1719153 ^ u)",1345.5933
"((4.578819 * diff(u,t)) ^ (0.5308261 ^ (t ^ u))) - -7.6460977",753.47314
