Predicted solution,R2
0.0053 * (log(8.7346 * x_0))**-1 * exp(-3.8584 * x_0) + -0.0045 * x_0 * (0.6688 + 0.2853 * t + -456.7553 * (x_0)**3)**-1,-15.6650863243777
0.0053 * (log(8.7346 * x_0))**-1 * exp(-3.8584 * x_0) + -0.0045 * x_0 * (0.6688 + 0.2853 * t + -456.7553 * (x_0)**3)**-1,-15.6650863243777
0.0410 * (0.8866 + 0.3782 * t) * sin(10.6851 * x_0 * (0.8866 + 0.3782 * t)) + 4.9846 * (x_0)**3 * (-0.9940 + 2934.0045 * (x_0)**4)**-1,-27.525247933502914
0.0272 * (0.1379 + -56.3639 * (x_0)**2 * (0.8866 + 0.3782 * t))**-1 + 0.0278 * (log(8.3317 * x_0))**-1 * (0.8866 + 0.3782 * t) * sin(5.5297 * x_0),0.4320262589861025
0.0245 + 1.4552 * (x_0)**2 * (0.8866 + 0.3782 * t) * cos(3.1595 * x_0 * (0.8866 + 0.3782 * t)),-30.57111916037244
