Predicted solution,R2
0.3014 * exp(-0.0580 * x_0) + -0.0963 * (0.8439 + 0.1734 * t) * (-0.3901 + 0.0490 * (x_0)**5 * (0.8439 + 0.1734 * t)),-4.0325161650253225
0.1232 * cos(1.7808 * x_0 * (0.8439 + 0.1734 * t)) + -0.0126 * (x_0)**3,-2.075762811584964
-0.2672 * (0.4158 + -1.3706 * x_0 * (0.8439 + 0.1734 * t))**-1 + 0.0016 * (x_0)**4 * (0.5859 + 0.1204 * t + -0.3848 * (x_0)**2 * (0.8439 + 0.1734 * t))**-1 * (0.8439 + 0.1734 * t),-7.756520817526466
-0.0494 * cos(0.8711 * x_0) + 0.3042 * (-0.5274 + 0.1759 * (x_0)**4 * (0.8439 + 0.1734 * t))**-1 * (0.8439 + 0.1734 * t),-29.574907439680057
0.0720 * (-0.2344 + -0.0482 * t + -0.3175 * (x_0)**2)**-1 + -0.0456 * (x_0)**3 * (0.8439 + 0.1734 * t),-0.9974595455501802
