Predicted solution,R2
0.0248 + -0.0214 * t + -0.0064 * (-1.3684 + 1.1842 * t) * cos(1.6789 * x_0 * (-1.3684 + 1.1842 * t)),-3.808505417939151
-0.0465 + -0.0871 * t + 0.0894 * (-1.3684 + 1.1842 * t) * exp(-7.4901 * x_0 * (-1.3684 + 1.1842 * t)),-2.268953011242869
0.0171 + -0.0148 * t + 137348.8192 * (x_0)**4 * (1.2577 + -1.0884 * t + 8342554201.7487 * (x_0)**5 * (-1.3684 + 1.1842 * t))**-1,-3.320188590183471
-0.0564 + 0.0488 * t + 100021.1813 * (x_0)**5 * (-1.3684 + 1.1842 * t) * cos(7.4895 * x_0 * (-1.3684 + 1.1842 * t)),-2.153521368090234
0.0248 + -0.0214 * t + -0.0064 * (-1.3684 + 1.1842 * t) * cos(1.6789 * x_0 * (-1.3684 + 1.1842 * t)),-3.808505417939151
