Predicted solution,R2
-0.0958 * (0.3457 + 0.4201 * (x_0)**3 + -0.5185 * t)**-1 * (-0.8000 + 1.2000 * t) + 0.8115 * (x_0)**4 * (0.7156 + -1.0734 * t + -3.3059 * (x_0)**5 * (-0.8000 + 1.2000 * t))**-1 * (-0.8000 + 1.2000 * t),0.8474099925294415
-0.8110 + -0.6756 * log(0.2583 * x_0) + -0.3217 * (-0.8000 + 1.2000 * t) * exp(4.9686 * x_0) * sin(0.2061 * x_0),-5.097158234736464
-0.8110 + -0.6756 * log(0.2583 * x_0) + -0.3217 * (-0.8000 + 1.2000 * t) * exp(4.9686 * x_0) * sin(0.2061 * x_0),-5.097158234736464
0.5207 * (x_0)**2 * (0.3729 + 0.2817 * (x_0)**2) + -0.0966 * (0.5279 + -0.7919 * t + 0.7585 * (x_0)**3 * (-0.8000 + 1.2000 * t))**-1 * (-0.8000 + 1.2000 * t),-1.0067806731228774
0.4586 * (0.1142 + -0.1714 * t + -0.9675 * (x_0)**4 * (-0.8000 + 1.2000 * t))**-1 + 0.1189 * (-0.8000 + 1.2000 * t) * cos(0.1918 * x_0 * (-0.8000 + 1.2000 * t)) * sin(1.4488 * x_0),-1.0657231416341038
