Predicted solution,R2
0.0221 + 0.1659 * t + 0.8118 * (x_0)**2 * (cos(2.0220 * x_0))**-1,-1.1400278046679144
0.5695 * (0.1429 + 1.0714 * t) * exp(-1.4346 * x_0 * (0.1429 + 1.0714 * t)) + -0.0681 * (0.1461 + 6.2019 * (x_0)**2)**-1 * (0.1429 + 1.0714 * t),-1.8787287614481256
-0.7505 * (-0.0813 + -0.6100 * t + -1.2800 * (x_0)**4 * (0.1429 + 1.0714 * t))**-1 * (0.1429 + 1.0714 * t) + -1.0758 * (x_0)**2 * (-0.2785 + -1.3968 * (x_0)**4 * (0.1429 + 1.0714 * t))**-1 * (0.1429 + 1.0714 * t),0.27537944169610773
0.0738 * (0.0941 + 0.7055 * t + -0.3356 * (x_0)**3)**-1 * (0.1429 + 1.0714 * t) + -0.9276 * (log(1.5246 * x_0))**-1 * cos(3.5304 * x_0 * (0.1429 + 1.0714 * t)),-1.7210268328060123
0.0571 * cos(0.6079 * x_0 * (0.1429 + 1.0714 * t)) * sin(0.6678 * x_0 * (0.1429 + 1.0714 * t)) + -0.2666 * log(1.7617 * x_0) * sin(0.7494 * x_0 * (0.1429 + 1.0714 * t)),-1.1105566232555484
