Predicted solution,R2
0.9196 + 0.1030 * t + -0.0175 * (x_0)**2 * exp(-0.0593 * x_0),-7.137838009212883
1.7642 + 0.7939 * t + -0.0285 * (x_0)**2 * (-0.8915 + 0.0001 * (x_0)**5 * (0.8163 + 0.3673 * t))**-1,-29.128904291974248
1.7642 + 0.7939 * t + -0.0285 * (x_0)**2 * (-0.8915 + 0.0001 * (x_0)**5 * (0.8163 + 0.3673 * t))**-1,-29.128904291974248
0.5800 + 1.6716 * sin(0.0723 * x_0) + -0.0266 * (x_0)**2 + -0.5671 * log(0.1336 * x_0),-9.953513833667198
0.7753 + 0.3489 * t + -1.5894 * log(0.2183 * x_0),-3.166738736910821
