Predicted solution,R2
17.8475 + -7.9914 * t + 0.1625 * (x_0)**3 * (0.4517 + -0.8484 * (x_0)**2) * (-3.9412 + 1.7647 * t),-97.91517736008085
5.3511 * cos(1.9431 * x_0) + 2.8681 * (-3.9412 + 1.7647 * t) * sin(0.4772 * x_0 * (-3.9412 + 1.7647 * t)) + -0.0206 * (x_0)**4 * (-3.9412 + 1.7647 * t),-5.11566953984777
-0.0144 * (x_0)**5 * (-3.4367 + 1.5388 * t + 0.0030 * (x_0)**4 * (-3.9412 + 1.7647 * t))**-1 + -0.0311 * (x_0)**3 * (-3.9412 + 1.7647 * t),-3.0397845394200713
-3.8187 + -2.6817 * log(0.4368 * x_0) + -0.1440 * (x_0)**2 + -0.0394 * (x_0)**3 * (-3.9412 + 1.7647 * t),-10.513763274920946
-0.0077 * (x_0)**5 * (-3.9412 + 1.7647 * t) + 3.2462 * (-3.9412 + 1.7647 * t) * sin(0.0038 * x_0 * (-3.9412 + 1.7647 * t)) * sin(0.4631 * x_0 * (-3.9412 + 1.7647 * t)),-3.3031097179729976
