Predicted solution,R2
-0.3540 + 0.3275 * t + -39.1354 * (x_0)**4,-1.6974930237229966
-0.6752 + 0.6246 * t + 21.9012 * (x_0)**4 * exp(-11.5983 * x_0),0.5302728553290662
-0.5303 + 0.4906 * t + -0.2146 * (0.8736 + 439.5982 * (x_0)**5)**-1 + 0.3196 * (-1.5039 + 1.3910 * t) * sin(8.5368 * x_0 * (-1.5039 + 1.3910 * t)),-1.3488209020998192
-0.4188 + 0.3874 * t + 0.4075 * (-1.8262 + 1.3910 * t)**-269.3955 * (x_0)**3 * (-1.5039 + 1.3910 * t),-0.11785911017827377
-0.1118 + 0.1034 * t + -0.8565 * x_0,-1.5954045490497042
