Predicted solution,R2
0.3695 * sin(0.2590 * x_0 * (0.9396 + 0.6040 * t)) + -0.0054 * (x_0)**3,0.9099977257896508
-0.0343 * x_0,-4.834490665862737
-0.0003 * (x_0)**4 * exp(-0.0111 * x_0 * (0.9396 + 0.6040 * t)) + -0.0001 * (x_0)**4 * cos(5.2864 * x_0),-1.5418110991671319
5.3271 * sin(0.1424 * x_0 * (0.9396 + 0.6040 * t)) + -0.5953 * x_0 * (-0.4475 + -0.2877 * t + 0.0002 * (x_0)**4 * (0.9396 + 0.6040 * t))**-1 * (0.9396 + 0.6040 * t),-2.338518971560206
-2.0098 * (-0.1797 + -0.1155 * t + -0.0381 * (x_0)**2 * (0.9396 + 0.6040 * t))**-1,-13.760789967732087
