Predicted solution,R2
9.5850 + -0.4218 * (x_0)**2 * (-2.6000 + 1.8000 * t),-8.438702742389825
0.0615 * (x_0)**3 * (-2.6000 + 1.8000 * t) + -0.1788 * x_0 * (1.5332 + -1.0615 * t + 0.0235 * (x_0)**4 * (-2.6000 + 1.8000 * t)) + -0.0101 * (x_0)**2 * (-0.2628 + 0.8000 * x_0) * (-2.6000 + 1.8000 * t),-55.169484082226695
9.5850 + -0.4218 * (x_0)**2 * (-2.6000 + 1.8000 * t),-8.438702742389825
-0.6581 * x_0 * (0.5244 + -0.3631 * t + -0.0887 * (x_0)**2 * (-2.6000 + 1.8000 * t))**-1 + -1.6043 * x_0 * (1.4953 + -1.0352 * t + 0.2810 * x_0 * (-2.6000 + 1.8000 * t)),-12.345360029211212
0.2284 * (1.5363 + -0.0115 * (x_0)**3 + -1.0636 * t)**-1 + -4.0400 * exp(-0.1963 * x_0 * (-2.6000 + 1.8000 * t)),-19.745130567815668
