Predicted solution,R2
-0.7930 * (x_0)**0.3424 * (-0.1333 + t)**2 * exp(0.3409 * x_0 * (-0.0976 + 0.7317 * t)) * sin(0.0973 * x_0),-9.30343528276462
0.0004 * (x_0)**4 + -0.0907 * (x_0)**2 * (-0.0976 + 0.7317 * t),-5.4873047999542255
-0.1009 * x_0 * exp(0.0636 * x_0) + 0.0207 * (x_0)**2 * (-0.0976 + 0.7317 * t) * (0.0953 + 0.0312 * (x_0)**3 + -0.7150 * t),-8.258750891855009
-0.1502 * (x_0)**2 * exp(0.3875 * x_0 * (-0.0976 + 0.7317 * t)) + 0.0139 * (x_0)**3 * (0.2975 + -0.6730 * (x_0)**2) * (-0.0976 + 0.7317 * t),-2.8156969317021847
1.9273 * cos(7.0497 * x_0) + -0.0387 * (x_0)**2 * (-0.0976 + 0.7317 * t) + -0.0177 * (x_0)**4 * (-0.0976 + 0.7317 * t) * exp(0.7050 * x_0),-2.1133272648621872
