Predicted solution,R2
0.0146 + 0.0439 * t + 0.0648 * cos(0.4914 * x_0 * (0.1429 + 0.4286 * t)) * log(3.1772 * x_0),-6.160705340847382
0.0302 + 0.0907 * t + 0.1852 * (0.1429 + 0.4286 * t) * sin(2.1678 * x_0),-6.008981070778656
0.0302 + 0.0907 * t + 0.1852 * (0.1429 + 0.4286 * t) * sin(2.1678 * x_0),-6.008981070778656
-0.2668 + 0.1797 * cos(0.1497 * x_0) * sin(1.4802 * x_0) + -0.3529 * x_0 * (0.1429 + 0.4286 * t) * cos(0.0770 * x_0 * (0.1429 + 0.4286 * t)),-7.850315361321048
0.3214 * cos(4.8483 * x_0 * (0.1429 + 0.4286 * t)) + -0.4075 * (-0.7416 + -66.5437 * x_0)**-1 * (0.1429 + 0.4286 * t),-7.856303393505604
