Predicted solution,R2
0.0946 + 0.3405 * t + 0.0816 * (0.4808 + 1.7308 * t) * sin(13.9191 * x_0),0.4989639477297495
0.0288 * (0.1526 + -1082.3605 * (x_0)**4) * (0.4808 + 1.7308 * t) + 4057.3419 * (x_0)**4 * (0.4808 + 1.7308 * t) * exp(-3.2400 * x_0),-0.7615195176191196
0.0288 * (0.1526 + -1082.3605 * (x_0)**4) * (0.4808 + 1.7308 * t) + 4057.3419 * (x_0)**4 * (0.4808 + 1.7308 * t) * exp(-3.2400 * x_0),-0.7615195176191196
0.0188 + 0.0676 * t + -0.0390 * (0.5912 + -10.2487 * x_0 * (0.4808 + 1.7308 * t))**-1,-1.662804188773785
0.0759 + 0.2731 * t + -0.0631 * (0.4808 + 1.7308 * t) * sin(14.5313 * x_0),0.5684970568534113
