Predicted solution,R2
0.0157 * (-0.1883 + -0.3591 * t + -89.8332 * (x_0)**3)**-1 * (0.2989 + 0.5700 * t) + -1.4788 * (x_0)**2 * (-0.0534 + -0.1019 * t + -1.6184 * (x_0)**2 * (0.2989 + 0.5700 * t))**-1 * (0.2989 + 0.5700 * t),-5.760703736335874
-0.0356 + -0.0678 * t + -0.0292 * (0.2989 + 0.5700 * t) * cos(4.5210 * x_0) * log(3.8475 * x_0),-18.315976814753668
-0.2600 * x_0 + 0.0028 * (0.2989 + 0.5700 * t) * sin(0.9803 * x_0) + 2.7395 * (x_0)**3 * (0.2989 + 0.5700 * t) * exp(3.2938 * x_0),-18.017999154270658
-0.0034 + -0.0065 * t + 0.1220 * x_0 * (-0.1154 + 225.2681 * (x_0)**2 + -0.2200 * t)**-1 * (0.2989 + 0.5700 * t),-19.82327960014068
-0.0224 + 0.0813 * exp(-4.9100 * x_0 * (0.2989 + 0.5700 * t)) * log(20.5763 * x_0) + 0.0494 * (0.2989 + 0.5700 * t) * sin(1.8558 * x_0),-15.625920033292196
