Predicted solution,R2
-0.0421 * x_0 + 0.0622 * (x_0)**2 * (-0.0257 + -0.0052 * (x_0)**5 * (0.9521 + 0.4787 * t)),-3.8693210532925413
0.9907 * (-0.7395 + 0.0039 * (x_0)**4 * (0.9521 + 0.4787 * t))**-1 + 0.9597 * (0.9521 + 0.4787 * t) * sin(0.5260 * x_0 * (0.9521 + 0.4787 * t)),-10.85656565945475
-0.0421 * x_0 + 0.0622 * (x_0)**2 * (-0.0257 + -0.0052 * (x_0)**5 * (0.9521 + 0.4787 * t)),-3.8693210532925413
0.0146 * (x_0)**4 * cos(0.1269 * x_0) + -0.0581 * x_0 * (0.9521 + 0.4787 * t),-3453.502079886057
-0.0005 * (x_0)**5 * (-0.9248 + -0.3089 * (x_0)**2) + 0.0094 * (x_0)**4 * (0.9521 + 0.4787 * t) * (0.7162 + 0.3601 * t + -0.0086 * (x_0)**3 * (0.9521 + 0.4787 * t)),-318.6681159506273
