Predicted solution,R2
-0.3238 + -0.6938 * t + -0.1529 * (-0.5195 + 0.1766 * x_0)**-1 * (0.3684 + 0.7895 * t),0.09932446782550652
-0.2408 + 1.1659 * sin(0.4713 * x_0) + -0.5160 * t,-0.2989350074567927
-0.5523 + -0.1266 * (x_0)**5 * (0.3684 + 0.7895 * t),-2.5857774945639784
-0.0189 * sin(11.0566 * x_0) + 0.0130 * (log(27.6345 * x_0))**-1 * sin(24.5485 * x_0 * (0.3684 + 0.7895 * t)),-2.7123861983859707
-0.0441 + 0.7368 * (0.4699 + 0.6675 * (x_0)**3)**-1 + -0.0945 * t,-2.787685439976592
