Predicted solution,R2
-0.1490 + 0.6387 * t + -0.0824 * (x_0)**4 + -0.1451 * (x_0)**3,0.8723040747024641
-0.1490 + 0.6387 * t + -0.0824 * (x_0)**4 + -0.1451 * (x_0)**3,0.8723040747024641
0.0253 + -0.1086 * t + 0.0477 * (x_0)**5 * exp(-0.0663 * x_0),-740476.0011068886
1.1209 * cos(1.9882 * x_0 * (-0.1842 + 0.7895 * t)) + -0.0897 * (x_0)**2,-16.59646880687574
0.3836 * cos(0.7511 * x_0 * (-0.1842 + 0.7895 * t)) + 0.3240 * exp(-0.6057 * (x_0)**5) + 0.0476 * (0.4555 + -0.6414 * t)**-1 * (-0.1842 + 0.7895 * t),-18.211805798608378
