Predicted solution,R2
7.3663 * cos(0.0098 * x_0) * sin(0.2168 * x_0) + -0.0175 * (x_0)**2 * (-0.0658 + 0.5921 * t),-6.9688661112928525
-0.0927 * x_0 * (-0.0658 + 0.5921 * t),-8.30079810680021
-11.5529 * cos(0.0401 * x_0) + 6.1975 * (-0.0658 + 0.5921 * t) * exp(0.0067 * x_0) * sin(0.0374 * x_0 * (-0.0658 + 0.5921 * t)),-6.214549341282902
9.5789 * (log(0.0693 * x_0))**-1 * cos(0.9325 * x_0 * (-0.0658 + 0.5921 * t)) + -7.5518 * (log(0.0721 * x_0))**-1 * (-0.0658 + 0.5921 * t) * cos(0.0490 * x_0 * (-0.0658 + 0.5921 * t)),-6.657288418222258
0.0181 * (x_0)**2 + -0.0220 * (x_0)**2 * (-0.0658 + 0.5921 * t),-8.370972055278845
