Predicted solution,R2
-4.7286 * (-0.0770 + -0.5774 * t + -0.3989 * x_0)**-1,-2.6173489669219334
6.4370 * log(0.1115 * x_0) + -0.0770 * x_0,0.6354591326729169
3.4010 * log(0.0780 * x_0) + -0.e-4 * (x_0)**3 * (0.0870 + 0.6522 * t) * exp(-0.0955 * x_0 * (0.0870 + 0.6522 * t)),-1.5690815830884177
-7.6758 * log(0.1294 * x_0) + -1.0981 * (0.1333 + t)**4 * (-0.8606 + -0.0008 * (x_0)**3 * (0.0870 + 0.6522 * t))**-1,0.42066343708746956
-0.4563 + -3.4225 * t + -0.0327 * (x_0)**2 * (0.0870 + 0.6522 * t) * cos(0.5015 * x_0),-8.436416528976402
