Predicted solution,R2
-2.5816 + 1.0235 * t + -1.5123 * exp(-0.1183 * x_0 * (-1.7068 + 0.6767 * t)),0.37100719406959326
-5.6989 + 2.2595 * t + 0.0058 * (x_0)**3 * (0.4910 + -0.0053 * (x_0)**2)**-1,-0.6554255431376219
-0.3962 + 2.1615 * (-1.7068 + 0.6767 * t) * exp(-2.4274 * x_0) + -0.2894 * (0.5593 + 0.0062 * (x_0)**4)**-1 * (-1.7068 + 0.6767 * t),-1.3734528810556732
-3.3230 + 2.7450 * t + 2.4801 * log(0.2885 * x_0),-63.41271627455957
-3.6290 + 1.4388 * t + -0.0017 * (x_0)**5 * (1.2210 + 0.0004 * (x_0)**5 + -0.4841 * t)**-1,0.9271277175394687
