Predicted solution,R2
-0.0311 + 0.0184 * t + 0.4746 * sin(0.4292 * x_0) * sin(0.3336 * x_0 * (-1.3945 + 0.8257 * t)) + -1.2786 * (-1.3945 + 0.8257 * t) * exp(0.3430 * x_0) * sin(1.3367 * x_0 * (-1.3945 + 0.8257 * t)),-2.243807913545248
0.2793 + -0.1526 * (x_0)**3 * (-1.3945 + 0.8257 * t) + 0.1252 * (x_0)**3 * (0.3668 + -0.4800 * x_0)**-1 * (-1.3945 + 0.8257 * t),-0.3940191112178746
-1.9861 + 1.1760 * t + -0.0667 * (x_0)**2 * (-1.3945 + 0.8257 * t) * exp(0.4048 * x_0 * (-1.3945 + 0.8257 * t)),-5.2567165530206035
-0.0106 * (x_0)**5 * exp(-0.3817 * x_0 * (-1.3945 + 0.8257 * t)) + -0.0372 * (x_0)**4 * (1.0197 + -0.6037 * t + 0.0181 * (x_0)**5 * (-1.3945 + 0.8257 * t))**-1 * (-1.3945 + 0.8257 * t),-2.136715376524738
1.2216 + 1.4250 * (-1.3945 + 0.8257 * t) * exp(-0.0474 * x_0) + 0.1224 * (x_0)**4 * (-1.3945 + 0.8257 * t) * (-1.3510 + 0.7999 * t + -0.0775 * (x_0)**4 * (-1.3945 + 0.8257 * t)),-16.219846053554335