Predicted solution,R2
-0.0011 + 0.0027 * t + -12189.0157 * (x_0)**3 + -0.0009 * (-0.3776 + 0.9184 * t) * log(360.6093 * x_0) + -26.2224 * (x_0)**2 * (-0.3776 + 0.9184 * t),-5.718500354670638
0.0036 * (-0.3776 + 0.9184 * t) * exp(-78.4427 * x_0) + -6134.5139 * (x_0)**3 * (-0.3776 + 0.9184 * t) * exp(190.0212 * x_0),-5.849007941213852
-0.0023 + 0.0055 * t + -11.7207 * (x_0)**2 * exp(235.5774 * x_0 * (-0.3776 + 0.9184 * t)),-5.871839875573869
-0.0007 + 0.0018 * t + -7772743.0368 * (x_0)**4 * (0.6156 + 3434748648736.395 * (x_0)**5)**-1,-2.9339474778214627
-0.0011 + 0.0027 * t + -12189.0157 * (x_0)**3 + -0.0009 * (-0.3776 + 0.9184 * t) * log(360.6093 * x_0) + -26.2224 * (x_0)**2 * (-0.3776 + 0.9184 * t),-5.718500354670638
