Predicted solution,R2
-4.5780 + 5.9283 * log(0.1646 * x_0) + 6.8439 * (-1.7447 + 0.6383 * t) * cos(0.2036 * x_0),-101.25297658405088
-4.0432 + 1.1487 * cos(0.1194 * x_0) + -0.1972 * t + -0.0275 * (x_0)**2 * (-1.7447 + 0.6383 * t) + -6.1668 * (-0.9529 + -0.0008 * (x_0)**3)**-1 * (-1.7447 + 0.6383 * t),-52.856467406172285
-4.5780 + 5.9283 * log(0.1646 * x_0) + 6.8439 * (-1.7447 + 0.6383 * t) * cos(0.2036 * x_0),-101.25297658405088
-1.5183 + 0.5555 * t + -0.7264 * x_0 + -3.2989 * (cos(0.0038 * x_0 * (-1.7447 + 0.6383 * t)))**-1 * log(0.1718 * x_0),-114.22735661496851
-0.053179 + 0.019524 * t + 2.7710 * exp(-0.0292 * x_0 * (-1.7447 + 0.6383 * t)),-1.9112960456410333
