Predicted solution,R2
-0.3576 * log(0.1253 * x_0) + -4.1607 * exp(-0.0630 * x_0 * (-0.7264 + 0.4905 * t)),-2.5688505506897803
-4.7477 * log(0.0950 * x_0) + -0.7016 * (-0.7264 + 0.4905 * t) * exp(-0.1224 * x_0 * (-0.7264 + 0.4905 * t)) + 0.0002 * (x_0)**2 * (-0.2832 + 0.1912 * t)**-1 * (-0.7264 + 0.4905 * t),-1.7428050490321194
-0.9607 + 0.6486 * t + 0.0184 * x_0 * (0.5410 + 0.0001 * (x_0)**4 + -0.3653 * t)**-1,-0.21554205287634498
4.3716 * (-0.7264 + 0.4905 * t) * (-0.4416 + 0.2982 * t + -0.0042 * (x_0)**2) + 4.2239 * (-0.7264 + 0.4905 * t) * exp(-0.0252 * x_0) * sin(0.0495 * x_0 * (-0.7264 + 0.4905 * t)),-0.03938689276247209
6.1794 * (0.2992 + -0.0478 * x_0 + -0.2020 * t)**-1 + 0.0048 * (x_0)**2 * (-0.7264 + 0.4905 * t),-4.036728111745127
