Predicted solution,R2
-1.4770 + 2.2919 * t + 0.1423 * x_0 * (0.0301 + -0.0468 * t + -0.0156 * (x_0)**4 * (-0.8529 + 1.3235 * t))**-1 * (-0.8529 + 1.3235 * t),0.9663264943373278
-0.1700 + 0.2638 * t + 0.9811 * (x_0)**2 * exp(-0.5075 * x_0 * (-0.8529 + 1.3235 * t)),-1.0687252776931744
-1.4770 + 2.2919 * t + 0.1423 * x_0 * (0.0301 + -0.0468 * t + -0.0156 * (x_0)**4 * (-0.8529 + 1.3235 * t))**-1 * (-0.8529 + 1.3235 * t),0.9663264943373278
-2.6622 + 4.1310 * t + -0.0448 * (-0.8529 + 1.3235 * t) * sin(0.0122 * x_0 * (-0.8529 + 1.3235 * t)),-1.6151366498043491
-0.2916 + 1.5451 * t + -0.4071 * (x_0)**3 * exp(-0.6795 * x_0 * (-0.8529 + 1.3235 * t)),0.8880605352474507
