Predicted solution,R2
-0.5186 * sin(0.5959 * x_0 * (-0.5260 + 0.3114 * t)) + 0.2045 * (-0.5260 + 0.3114 * t) * exp(-0.2468 * x_0 * (-0.5260 + 0.3114 * t)),-0.9168246110858065
0.7472 + -0.0010 * (x_0)**5 + -0.2205 * x_0 * (-0.5260 + 0.3114 * t),0.23794504304737862
0.8057 * exp(-3.4331 * x_0 * (-0.5260 + 0.3114 * t)) + 0.0098 * (x_0)**3 * (-0.3855 + 0.2283 * t + 6.2936 * x_0 * (-0.5260 + 0.3114 * t))**-1,-0.21950538456790336
0.8057 * exp(-3.4331 * x_0 * (-0.5260 + 0.3114 * t)) + 0.0098 * (x_0)**3 * (-0.3855 + 0.2283 * t + 6.2936 * x_0 * (-0.5260 + 0.3114 * t))**-1,-0.21950538456790336
-0.2206 + 0.0079 * (x_0)**2 * (-0.5260 + 0.3114 * t) + 0.7456 * cos(0.2013 * x_0) * sin(2.8650 * x_0 * (-0.5260 + 0.3114 * t)),-1.5885627049088966
