Predicted solution,R2
-0.0166 * (x_0)**2 * sin(0.0200 * x_0 * (-1.2192 + 1.2329 * t)) + -0.0443 * x_0 * sin(0.0333 * x_0),-2.578054039102791
-0.0007 * (x_0)**5 * (-1.2192 + 1.2329 * t) + -2.6933 * (-1.2192 + 1.2329 * t) * cos(0.0757 * x_0),-25.918291788736283
3.7145 * sin(0.0183 * x_0) + -1.2337 * (0.7129 + -0.7209 * t + -4.4091 * x_0)**-1,0.6243845756054986
3.1192 * (x_0)**0.0216 * (-1.2192 + 1.2329 * t) * cos(0.3012 * x_0) * log(0.5358 * x_0),-2.035979045990794
4.8636 + 0.0027 * (x_0)**4 + -4.0011 * t + -5.8224 * (-0.5711 + 0.5775 * t + -0.0001 * (x_0)**4 * (-1.2192 + 1.2329 * t))**-1 * (-1.2192 + 1.2329 * t),-43.94402525803242
