Predicted solution,R2
-0.0158 * (x_0)**2 * (-2.4200 + 0.9000 * t) * cos(0.0312 * x_0 * (-2.4200 + 0.9000 * t)),-14.184488676052542
10.1476 + -21.9315 * (-0.1191 + 0.0443 * t) * (-2.4200 + 0.9000 * t) + 0.0004 * (x_0)**3 * (-0.6584 + -0.0002 * (x_0)**2 * (-2.4200 + 0.9000 * t))**-1 * (-2.4200 + 0.9000 * t),-53.21360372697271
-0.0158 * (x_0)**2 * (-2.4200 + 0.9000 * t) * cos(0.0312 * x_0 * (-2.4200 + 0.9000 * t)),-14.184488676052542
10.2168 + -10.0161 * t + -11.8545 * (cos(0.0100 * x_0 * (-2.4200 + 0.9000 * t)))**-1 * sin(0.0254 * x_0),-48.76393185303352
3.6638 * cos(0.0319 * x_0) * exp(-0.0070 * x_0),-4.10564160200152
