Predicted solution,Loss
"[5.82352425428264*t, -4.2807906839533*x0*sin(x0 + 2.31391493310915)/t]",0.0331878377405864
"[t, 0.00903366462322624*t - 0.134614409745938]",0.05202888675224103
"[0.808778937842359*x0, 0.031552824471557*t + 0.29115913772106*x0 - 0.378754303171838]",0.03929957231544671
"[3.72681608851875*t**2 + 2.17161073448225*t + 7.41890875274612, x0*(0.696893055752654*x0 - 0.622441346304222)]",0.014482876904651582
"[x0, -448.252438361557*t*x0/(t - x0**2 + 7912.60198730904)]",0.026278091550806675
