Predicted solution,Loss
"[t, 0.0127748711067129*t + 0.0188862581673177 + 0.162475891896027/(t*x0)]",0.019744799772445226
"[x0, 0.121976816681121*x0 - 0.257291843340291 + 0.224061519806558/x0]",0.01982515975901383
"[7.36808933199181*x0, 0.0042322833499375*t + 0.0405161000355221*x0]",0.02064740142162638
"[-6.21219129948629*t*(7.1550809469901 - x0), 0.000684330488540405*t**2 + 0.0834888898952492]",0.019764161081074906
"[t*x0 + x0, 0.00902421824119256*t + 0.0595031373722555]",0.0214292025095251
