Predicted solution,Loss
"[x0*exp(-8.34246348829821*x0)/t, 23.8192171691434 - 1.46406691328966*x0]",0.055915652501790196
"[t*x0 + t, 0.14052943339594*t - x0**2 + 26.6533044638283*x0 - 170.979209596818]",0.1888442696167754
"[x0**2, 23.8126970357472 - 1.46366361408917*x0]",0.056048788447094204
"[t, 23.8192009722094 - 1.46406590350328*x0]",0.0559156507018237
"[4.26412289671728 - t, -0.134873962856133*t*x0 + 574.018745433388*t/x0**2 + x0 - 15.9997210840853]",0.06064634953592772
