Predicted solution,Loss
"[t, 0.196266641295144*x0*exp(-t + x0) - 2.17431724148528*cos(8.09956886951892*t - 10.6354660165167*sin(t) + 5.56936442163282)]",0.22989703924537913
