Predicted solution,Loss
"[-8.45166358415218*t - 8.33137671596615*x0, x0/(4.88129156596692 - 0.0201987999343729*t) + 0.357094065851894]",1.3401644516263718
"[t*x0, x0*(-0.998128124225038*t*cos(1.01216537981051/t) + t + 0.162260073392771)]",1.3392310228563895
"[4.27787749640192*x0, 0.0109557917359913*t*x0 + 0.238389015324995*t]",1.3581141966076493
"[2*t + x0 - 1.71371239522565 - sqrt(x0/t)/t, -3.40171264254784*t*(-1.69854667380608*x0 - 21.3622279734028)/x0 - 91.1410802117954]",1.3231856251825154
"[x0, 0.219276791049718*x0 + 0.281092212360526]",1.3414732499558801
