Predicted solution,Loss
"[7.06920844866227*x1, 1.90557770699883*x1, x0 + 12.0583771918938*x1 - 48.752905811588]",5.455362950688878
"[0.119347505475334*x0, 1.88697515779391*x1, 2.67113399376087*x0 + 3.74521457397848*x1]",5.291761447860914
"[x1, t*x0 + 1.68445276719342, 3.36973989844268*x0 + 21.592456919844]",3.96936801752806
"[0.0198723262906174*t*exp(t*x1) + x0 + x1, x0 - 9.5619775304937, 258.998789515976*t]",7.071153392691855
"[x0, x0, 371.595079050727 - 1585.74000659168/x1]",4.900352802291094
