Predicted solution,Loss
"[2*t, -0.119345445842097*t + 1.21763053511659 - 2.11849435464253/t]",0.01324307916893637
"[-t + x0*(t/x0 + 2.80487369151396 + 0.389974329127395/x0), 0.246474612300965 - 0.0176311008457359*t]",0.032208803061553465
"[x0*(7.35332302135148*t - 4.84232730634123*x0), -0.00808319096086328*t**2 + 0.660449635722624 - 1.30167527337193/t]",0.013391324382570307
"[7.42878432836831*t, -0.00912344350995567*t - x0**2 + x0 + 0.0166113711185925]",0.013237971974640095
"[-2.86471408685256/t, -0.0192851263949146*t**2 + x0 + 0.128535746046048]",0.02460314085333924
