Predicted solution,Loss
"[t + x0, 0.544910930727267 - 0.0691527228778054*cos(x0)]",0.11796518237516866
"[x0**2, -0.0168986618875594*t**2 + 0.204164411748472*t]",0.07678099261749746
"[t*x0 + t, -0.0234932320537334*t + 0.240554011900815 + 9.15843883120374*x0/t**2]",0.06341406187595473
"[x0**2, -sin(0.495808716486531*x0 + 1.28591553367542/cos(7.80590124531891e-5*x0 + 1)) + cos(0.55644003544542*x0)]",0.06407030920377423
"[t - 9.11306144034533, 24.332096266768*x0**2*exp(-t) + 0.0439782150785776*x0 + 0.279480849360701]",0.06249778350441374
