Predicted solution,Loss
"[2.69092469388845/t, 0.605445059712942 - 0.18084166089776*x0]",0.014118527777375446
"[-6.20511920650866*t*x0 - t + x0, -0.100424560519499*x0 + 0.429171211863333 - 1.9559581935474/(-17.9260888102635*t + x0)]",0.013946301457948188
"[t, -0.0716732269162868*x0 + 0.291381707197156 + 0.218140538568871*x0/t]",0.013938299874320407
"[t - 0.545180735328797, t - 3.95529340582713*x0 + 4.47229221330193 - 1.06784134070423/t]",0.013667732414113303
"[t + 1.24569065830645*sqrt(0.644435690579439*x0 - 1) + 4.22729882280279, 0.605160124849245 - 0.180634581437101*x0]",0.014110336372408064
