Predicted solution,Loss
"[x0, 0.499808691489248/x0 + 5.24621226920131*(-0.00932782912240767*x0**3 - 0.40729058625948)/t]",0.01845655707138035
"[0.126472448255679*t, 0.0106770426446135*t - 0.675402564571791*x0 + 1.00781593600351]",0.01775965805161195
"[2.708370823725*x0, 1.13916291950807 - 0.713467892841032*x0]",0.018096069192694336
"[t*x0 + cos(x0), 1.13931433819125 - 0.713565424280362*x0]",0.018099436942847262
"[t, 1.13924145156315 - 0.713508901932766*x0]",0.0180884882902537
