Predicted solution,Loss
"[x0, 0.247906429979337*sqrt(0.0469477072984795*t**2 + 0.0180584632542778*x0 + 1) - 0.172459400791222]",0.02387190021530958
"[t, 0.126774599148078*x0 + 0.120129297125296 - 0.107703904621452/x0]",0.024090456829384987
"[1.86384107069675*t**2, 0.0375871424167437*t + 0.0140999113176321]",0.02511431056593375
"[t - 10.8076380393971, 0.103531246492406*exp(0.156262279415776*t - 0.757499359083506/t)]",0.02437418702184106
"[x0, 0.00383643940044911*t**2 + 0.0185922094453943*sin(9.55222171693698*t) + 0.0919548472843463]",0.02493404486366518
