Predicted solution,R2
-1.3119 + 0.7768 * t + 1.2543 * (0.2910 + -0.1723 * t + 0.0715 * (x_0)**5 * (-1.3945 + 0.8257 * t))**-1,-5.627403016945967
-1.2205 * sin(0.2306 * x_0 * (-1.3945 + 0.8257 * t)) + 0.0028 * (x_0)**4 * (-1.1046 + 0.6540 * t + -0.0071 * (x_0)**5 * (-1.3945 + 0.8257 * t))**-1 * (-1.3945 + 0.8257 * t),0.9062965729435564
0.2214 + -0.3852 * (x_0)**2 + -0.0160 * (x_0)**5 * (cos(2.0653 * x_0 * (-1.3945 + 0.8257 * t)))**-1 * (-1.3945 + 0.8257 * t),-0.6235940357528991
-0.0131 * (x_0)**5 + -0.5475 * (-1.3945 + 0.8257 * t) * (-0.1006 + 1.2951 * x_0),0.8121361751486269
-0.0102 * (x_0)**5 * (-1.3945 + 0.8257 * t) + 0.2008 * (x_0)**2 * (-1.3945 + 0.8257 * t) * exp(0.1737 * x_0 * (-1.3945 + 0.8257 * t)),0.3167673271497927
