Predicted solution,R2
1.4618 * (-0.0976 + 0.7317 * t) * (-0.2516 + -0.0036 * (x_0)**5 * (-0.0976 + 0.7317 * t)) + -0.0105 * (x_0)**4 * (cos(0.5892 * x_0 * (-0.0976 + 0.7317 * t)))**-1,-76.66812733319188
-0.0087 * (x_0)**5 * (-0.0976 + 0.7317 * t) + -0.0273 * (x_0)**4 * (-0.0976 + 0.7317 * t) * cos(0.1906 * x_0 * (-0.0976 + 0.7317 * t)),-0.7757212828992608
-1.3202 * log(1.2794 * x_0) + -0.0099 * (x_0)**4 * (-0.0976 + 0.7317 * t),-0.010112673884641765
-0.1862 * (x_0)**2 + 0.0021 * (x_0)**5 * (-0.0976 + 0.7317 * t) * (0.0787 + -0.5901 * t + -0.0505 * (x_0)**2 * (-0.0976 + 0.7317 * t)),-2.1787659202214638
-0.0855 * (x_0)**2 * (-0.0976 + 0.7317 * t) + -0.0697 * (x_0)**3 * (-0.9327 + -0.4458 * x_0 * (-0.0976 + 0.7317 * t))**-1 * (-0.0976 + 0.7317 * t),-8.614849058504808
