Predicted solution,R2
0.0191 * x_0 * (sin(0.0328 * x_0))**-1 * (-0.0658 + 0.5921 * t),-0.10118627875900499
-7.3177 * (-0.0604 + 0.5435 * t)**-1,-8.197841391274125
0.0191 * x_0 * (sin(0.0328 * x_0))**-1 * (-0.0658 + 0.5921 * t),-0.10118627875900499
-1.4825 * (-0.0459 + 0.4127 * t)**-1 + -0.4174 * x_0 * (-0.0482 + 0.4340 * t + -0.0754 * x_0)**-1,-2.6313246608525125
0.3707 * x_0,-3809.118700246772
