Predicted solution,R2
-0.3757 + 0.6855 * (-0.4892 + 0.4525 * t + 16.1584 * (x_0)**4)**-1 + 0.3475 * t,-0.1819604543755824
0.4080 * (-1.5039 + 1.3910 * t) * log(2.4478 * x_0) + -0.2110 * (-0.7722 + 0.7143 * t + 493.0545 * (x_0)**4)**-1 * (-1.5039 + 1.3910 * t),-1.1512265491191238
-1.1180 + 1.0342 * t + -0.5071 * x_0 * (-1.5039 + 1.3910 * t),-1.4145713923477126
0.1072 + 1.0710 * x_0 + -0.0992 * t + -0.0779 * (-1.5039 + 1.3910 * t) * log(8.6626 * x_0),-1.7258196871005227
3.9093 * (x_0)**2 * exp(-3.4039 * x_0) + -63.4734 * (x_0)**4 * (-0.1779 + 0.1646 * t + -581.0765 * (x_0)**3 * (-1.5039 + 1.3910 * t))**-1 * (-1.5039 + 1.3910 * t),-1.5373907932030186
