Predicted solution,R2
-0.0468 * (x_0)**3 * (cos(0.1416 * x_0))**-1 + -0.1403 * exp(-0.4049 * x_0) * sin(0.3734 * x_0 * (0.8439 + 0.1734 * t)),-0.6916801611304249
0.1558 * cos(2.2266 * x_0 * (0.8439 + 0.1734 * t)) + -0.0854 * (0.8439 + 0.1734 * t) * sin(0.3188 * x_0 * (0.8439 + 0.1734 * t)) + -0.0227 * (x_0)**4 * (0.8439 + 0.1734 * t) * exp(-1.5731 * x_0),-1.6665955975019213
-0.2880 * (0.8439 + 0.1734 * t) * sin(0.5169 * x_0) + -0.0455 * (x_0)**3 * (cos(0.5119 * x_0 * (0.8439 + 0.1734 * t)))**-1 * (0.8439 + 0.1734 * t),-0.2363210782189762
-0.0487 + -0.0454 * cos(0.7216 * x_0) + 0.3098 * (0.8439 + 0.1734 * t) * cos(0.2293 * x_0 * (0.8439 + 0.1734 * t)) * sin(0.1572 * x_0),-4.197449018054702
-0.0054 * (x_0)**5 + 0.0660 * exp(0.8108 * x_0 * (0.8439 + 0.1734 * t)) * sin(1.2014 * x_0 * (0.8439 + 0.1734 * t)),-1.2846358016727808
