Predicted solution,R2
31.2324 * exp(-0.0445 * x_0),-0.5838549547295069
-0.0003 * (x_0)**3 + -0.0003 * (x_0)**3 * (2.0894 + -0.7771 * t)**-1,-16.076873620051273
158.272 + 8.9521 * (-0.9157 + 0.3406 * t + -0.0005 * (x_0)**2)**-1 + -58.8615 * t,-22137.404823656365
31.2324 * exp(-0.0445 * x_0),-0.5838549547295069
-10.8360 * (-0.5716 + 0.2126 * t)**-1 + -16.9314 * exp(0.0100 * x_0 * (-2.4200 + 0.9000 * t)) * sin(0.0042 * x_0),-50.564915831898624
