Predicted solution,R2
0.1079 + 0.2944 * t + 0.4307 * (x_0)**5 * (-0.2486 + -0.6779 * t + -2.0772 * (x_0)**3),-5.6032466401916805
0.4575 * (0.2486 + 0.6779 * t + -0.8058 * (x_0)**2 * (0.2500 + 0.6818 * t))**-1 + -0.7518 * (x_0)**4 * (0.2500 + 0.6818 * t) * exp(0.8064 * x_0),0.44476172031466155
-0.2001 * (x_0)**4 + 0.2762 * (-0.3262 + 20.6136 * (x_0)**2 * (0.2500 + 0.6818 * t))**-1 * (0.2500 + 0.6818 * t),-1.6659532318503723
0.0593 * (0.2500 + 0.6818 * t) * cos(2.9885 * x_0 * (0.2500 + 0.6818 * t)) * sin(2.9692 * x_0 * (0.2500 + 0.6818 * t)) + 0.9628 * (x_0)**4 * (-0.1644 + -0.4484 * t + -5.3308 * (x_0)**2 * (0.2500 + 0.6818 * t))**-1 * (0.2500 + 0.6818 * t),0.815617257999754
0.1633 * exp(-4.2992 * x_0 * (0.2500 + 0.6818 * t)) + -0.1264 * (x_0)**2 * (0.2500 + 0.6818 * t),0.8749030789760532
