Predicted solution,R2
-0.1009 + 0.0534 * t + 13.2037 * (x_0)**4 * (-3.0909 + 1.6364 * t) * exp(-7.0425 * x_0),-0.8647052535330753
0.0567 * (-0.3687 + -1938.9321 * (x_0)**3 * (-3.0909 + 1.6364 * t))**-1 + -0.0973 * (-0.4048 + -5380.9293 * (x_0)**4 * (-3.0909 + 1.6364 * t))**-1 * (-3.0909 + 1.6364 * t),-2.101277276383332
-0.1009 + 0.0534 * t + 13.2037 * (x_0)**4 * (-3.0909 + 1.6364 * t) * exp(-7.0425 * x_0),-0.8647052535330753
-0.2457 + 0.1301 * t + -14.0382 * (x_0)**4 * (-3.0909 + 1.6364 * t) * exp(-1.9032 * x_0),-0.9988175309957719
0.2261 * x_0 * (-0.7301 + 0.3865 * t + -315.5328 * (x_0)**3 * (-3.0909 + 1.6364 * t))**-1 + -516.3264 * (x_0)**4 * exp(-35.7615 * x_0 * (-3.0909 + 1.6364 * t)),-3.4577143348731676
