Predicted solution,R2
-0.0140 + 0.0121 * t + 245.9264 * (x_0)**3 * (-0.9490 + -87952701.5763 * (x_0)**5 * (-1.3684 + 1.1842 * t))**-1,-1.8172733682138698
-0.0264 + 0.0228 * t + -0.0171 * (-1.3684 + 1.1842 * t) * cos(28.4454 * x_0 * (-1.3684 + 1.1842 * t)) * exp(-14.1572 * x_0),-2.3434560586864124
-0.0140 + 0.0121 * t + 245.9264 * (x_0)**3 * (-0.9490 + -87952701.5763 * (x_0)**5 * (-1.3684 + 1.1842 * t))**-1,-1.8172733682138698
0.0070 + 0.0840 * t + -0.0267 * cos(6.1574 * x_0 * (-1.3684 + 1.1842 * t)),0.9694414357283211
-0.0806 + 0.0698 * t + -9.0699 * (x_0)**2 * (0.4899 + -654820.7873 * (x_0)**5 * (-1.3684 + 1.1842 * t))**-1,0.4091019222354283
