Predicted solution,R2
-0.7898 + 1.1847 * t + -0.9314 * (x_0)**2 * (0.7094 + -1.0640 * t + -3.9010 * x_0 * (-0.8000 + 1.2000 * t))**-1 * (-0.8000 + 1.2000 * t),-10326.558675631293
0.0594 * cos(3.2248 * x_0) + -0.8150 * (-0.8000 + 1.2000 * t) * sin(1.2211 * x_0 * (-0.8000 + 1.2000 * t)),-8.683496064002112
0.0594 * cos(3.2248 * x_0) + -0.8150 * (-0.8000 + 1.2000 * t) * sin(1.2211 * x_0 * (-0.8000 + 1.2000 * t)),-8.683496064002112
-0.7898 + 1.1847 * t + -0.9314 * (x_0)**2 * (0.7094 + -1.0640 * t + -3.9010 * x_0 * (-0.8000 + 1.2000 * t))**-1 * (-0.8000 + 1.2000 * t),-10326.558675631293
-0.5809 + 0.8714 * t + -0.9502 * (x_0)**5 * (0.5949 + -0.8923 * t + 1.0307 * x_0 * (-0.8000 + 1.2000 * t))**-1,-1.255352676306566
