Predicted solution,R2
0.0558 + 0.2009 * t + -0.0460 * (-0.1623 + 2139.1738 * (x_0)**2 * (0.4808 + 1.7308 * t))**-1 * (0.4808 + 1.7308 * t),0.3512186986555659
0.0558 + 0.2009 * t + -0.0460 * (-0.1623 + 2139.1738 * (x_0)**2 * (0.4808 + 1.7308 * t))**-1 * (0.4808 + 1.7308 * t),0.3512186986555659
0.0761 * log(21.5389 * x_0) + -0.0950 * (-0.6663 + -11.6815 * x_0 * (0.4808 + 1.7308 * t))**-1 * (0.4808 + 1.7308 * t),-2.065880423426811
0.2654 * log(6.1735 * x_0) + 0.1545 * (0.4808 + 1.7308 * t) * sin(0.9584 * x_0 * (0.4808 + 1.7308 * t)),-2.4757579678811403
0.0025 + 0.0091 * t + 0.0153 * sin(11.8454 * x_0 * (0.4808 + 1.7308 * t)),-3.3626859139235235
