Predicted solution,R2
0.3408 * x_0 * (1.3120 + -0.5875 * t + 0.0628 * (x_0)**3 * (-3.9412 + 1.7647 * t))**-1 + -0.0142 * (x_0)**5 * (-3.9412 + 1.7647 * t),0.44022524238874283
-3.3069 * (-0.8880 + 0.0062 * (x_0)**5 * (-3.9412 + 1.7647 * t))**-1 + -0.0083 * (x_0)**5 * (-3.9412 + 1.7647 * t) * exp(0.4030 * x_0 * (-3.9412 + 1.7647 * t)),-2.3557562626358743
0.3408 * x_0 * (1.3120 + -0.5875 * t + 0.0628 * (x_0)**3 * (-3.9412 + 1.7647 * t))**-1 + -0.0142 * (x_0)**5 * (-3.9412 + 1.7647 * t),0.44022524238874283
4.7583 * (-0.2250 + 0.0040 * (x_0)**4)**-1 + -2.2791 * (-3.9412 + 1.7647 * t) * log(0.5585 * x_0),-15.726096281167557
0.3408 * x_0 * (1.3120 + -0.5875 * t + 0.0628 * (x_0)**3 * (-3.9412 + 1.7647 * t))**-1 + -0.0142 * (x_0)**5 * (-3.9412 + 1.7647 * t),0.44022524238874283
