Predicted solution,R2
0.0446 * sin(1.3127 * x_0) + -0.0851 * (0.2989 + 0.5700 * t) * sin(4.5028 * x_0 * (0.2989 + 0.5700 * t)),-18.165084752675718
0.0040 + 0.0076 * t + 4.0436 * (x_0)**2 * (-0.2338 + -0.4458 * t + -286357.6496 * (x_0)**5)**-1 * (0.2989 + 0.5700 * t),-17.755592623281945
27.2717 * (x_0)**2 * (-0.2020 + -0.3853 * t + -807.5368 * (x_0)**2 * (0.2989 + 0.5700 * t)) + -0.0009 * (-0.6736 + 2198914289.6609 * (x_0)**5)**-1 * (0.2989 + 0.5700 * t),-18.04333978563231
0.0117 * (0.2175 + 0.4147 * t + -282.3256 * (x_0)**2 * (0.2989 + 0.5700 * t))**-1 + -0.0447 * x_0 * (-0.5367 + 84794.0667 * (x_0)**4)**-1 * (0.2989 + 0.5700 * t),-17.946422696299805
0.0186 + 0.0355 * t + 5.7964 * (x_0)**3 * (0.2989 + 0.5700 * t) * exp(-23.9819 * x_0 * (0.2989 + 0.5700 * t)),-12.19023582009681
