Predicted solution,R2
0.2788 * (x_0)**4 * exp(-0.0929 * x_0 * (0.1429 + 0.4286 * t)) + -0.4756 * (0.1429 + 0.4286 * t) * sin(0.9146 * x_0 * (0.1429 + 0.4286 * t)),-7.796230836916784
-0.0600 + -0.1799 * t + 0.2515 * (0.1429 + 0.4286 * t) * sin(0.3520 * x_0 * (0.1429 + 0.4286 * t)) + -0.0168 * x_0 * (0.0679 + 0.2037 * t + -0.4770 * (x_0)**5 * (0.1429 + 0.4286 * t))**-1 * (0.1429 + 0.4286 * t),-15.136752179320407
-0.0600 + -0.1799 * t + 0.2515 * (0.1429 + 0.4286 * t) * sin(0.3520 * x_0 * (0.1429 + 0.4286 * t)) + -0.0168 * x_0 * (0.0679 + 0.2037 * t + -0.4770 * (x_0)**5 * (0.1429 + 0.4286 * t))**-1 * (0.1429 + 0.4286 * t),-15.136752179320407
0.2788 * (x_0)**4 * exp(-0.0929 * x_0 * (0.1429 + 0.4286 * t)) + -0.4756 * (0.1429 + 0.4286 * t) * sin(0.9146 * x_0 * (0.1429 + 0.4286 * t)),-7.796230836916784
0.4395 * log(1.5282 * x_0) + 0.0807 * (x_0)**2 * (-0.0021 + -0.0062 * t + -0.6801 * x_0 * (0.1429 + 0.4286 * t))**-1 * (0.1429 + 0.4286 * t),-6.566195539253084
