Predicted solution,R2
-0.0022 + 0.0011 * t + -7207.1476 * (x_0)**3 * (-0.3776 + 0.9184 * t),-5.781743714260688
0.0006 * (-0.3776 + 0.9184 * t) * cos(34.5504 * x_0 * (-0.3776 + 0.9184 * t)) + -131.6422 * (x_0)**2 * (-0.3776 + 0.9184 * t) * log(313.9308 * x_0),-5.864231919848091
-0.0022 + 0.0011 * t + -7207.1476 * (x_0)**3 * (-0.3776 + 0.9184 * t),-5.781743714260688
-0.0003 * cos(1389.8727 * x_0) * sin(712.2706 * x_0) + -0.e-4 * (-0.3776 + 0.9184 * t) * exp(-674.3650 * x_0 * (-0.3776 + 0.9184 * t)) * sin(1835.7598 * x_0),-6.099420588978473
-0.0013 + 0.0031 * t + -0.0014 * (-0.3776 + 0.9184 * t) * cos(2153.7643 * x_0 * (-0.3776 + 0.9184 * t)) * sin(1541.7470 * x_0 * (-0.3776 + 0.9184 * t)),-1.6542463761061028
