Predicted solution,R2
0.0368 + 0.0157 * t + -0.0370 * (x_0)**2 * (-0.5274 + -1407.2058 * (x_0)**4)**-1 * (0.8866 + 0.3782 * t),-1215.1664503635727
0.0248 * cos(4.5795 * x_0) + 0.3116 * (x_0)**2 * (0.7542 + 0.3217 * t + -552.7136 * (x_0)**3 * (0.8866 + 0.3782 * t))**-1 * (0.8866 + 0.3782 * t),-12.72338855864786
0.0248 * cos(4.5795 * x_0) + 0.3116 * (x_0)**2 * (0.7542 + 0.3217 * t + -552.7136 * (x_0)**3 * (0.8866 + 0.3782 * t))**-1 * (0.8866 + 0.3782 * t),-12.72338855864786
0.0060 + 0.0026 * t + -0.4149 * (x_0)**2 * exp(-2.9635 * x_0),-7.874869886277942
0.0447 + 0.0069 * (0.2073 + 0.0884 * t + -43.8996 * (x_0)**2 * (0.8866 + 0.3782 * t))**-1,-18.528547262491134
