Predicted solution,R2
-0.4090 * x_0 * exp(2.0184 * x_0) + 0.0465 * (x_0)**3 * (0.6102 + 0.2185 * (x_0)**2 * (0.9521 + 0.4787 * t)) * (0.9521 + 0.4787 * t),-73.58556734673134
-0.1106 * (x_0)**2 + 0.0132 * (x_0)**5 * (-0.5082 + -0.2555 * t + -1.0345 * (x_0)**3)**-1 * (0.9521 + 0.4787 * t),-21.074737205967594
-0.2864 * (-0.3167 + 0.0293 * (x_0)**4 * (0.9521 + 0.4787 * t))**-1 + -0.0105 * (x_0)**5 * (0.9521 + 0.4787 * t) * cos(0.6061 * x_0 * (0.9521 + 0.4787 * t)),-19.50262667224115
0.0324 * (x_0)**4 + -0.0058 * (x_0)**5 * (0.9521 + 0.4787 * t),-6.248362315118907
-0.0793 * (x_0)**3 * (0.9521 + 0.4787 * t) + 0.010 * (x_0)**4 * (0.9521 + 0.4787 * t) * (-0.4077 + -0.0053 * (x_0)**5 + -0.2050 * t),-34.52110680577425
