Predicted solution,R2
2.1293 * cos(0.0762 * x_0),-5.092498129500043
-0.1714 * cos(0.0586 * x_0) + 1.8533 * (-1.7447 + 0.6383 * t) * cos(0.1955 * x_0) * log(0.1241 * x_0),-80.39055205222348
-4.4480 * (-1.4104 + 0.5160 * t)**-1 * (-1.7447 + 0.6383 * t) + -0.0003 * (x_0)**4 * (-0.8342 + 0.0004 * (x_0)**3 * (-1.7447 + 0.6383 * t))**-1 * (-1.7447 + 0.6383 * t),-244.9143229092289
1.0355 * cos(0.0536 * x_0) + 5.1384 * (-1.7265 + 0.6317 * t)**-1 * (-1.7447 + 0.6383 * t) + -0.4211 * (-1.7447 + 0.6383 * t) * exp(-0.1534 * x_0 * (-1.7447 + 0.6383 * t)),-1647.1927672397883
-0.4618 * x_0 * (-0.8463 + 0.3096 * t)**-1 + 3.9575 * (-1.7447 + 0.6383 * t) * cos(0.0605 * x_0) * cos(0.1494 * x_0),-53.9440531369216
