Predicted solution,R2
-0.2771 + 0.1098 * t + -1.1361 * (log(0.8753 * x_0))**-1 * sin(1.0563 * x_0 * (-1.7068 + 0.6767 * t)),-1.3346920630603574
-5.8702 + 2.3274 * t + 1.5829 * (1.6190 + -0.6419 * t)**-1,-12.356942388188747
0.0402 * x_0 + 0.1571 * x_0 * (-0.4424 + -0.0001 * (x_0)**5 * (-1.7068 + 0.6767 * t))**-1,-1.369466172455601
-2.7494 + 1.0901 * t + -0.6144 * x_0 * (0.6182 + 0.1781 * (x_0)**2)**-1 * (-1.7068 + 0.6767 * t),0.5253875919705543
-1.6623 + 0.6591 * t + 0.2634 * x_0 * (0.6718 + -0.0013 * (x_0)**4 + -0.2663 * t)**-1 * (-1.7068 + 0.6767 * t),0.9564771128243997
