Predicted solution,R2
-4.1228 * sin(0.2841 * x_0) + 3.8669 * (-0.7791 + 0.7878 * t + -0.0086 * (x_0)**3)**-1 * (-1.2192 + 1.2329 * t) + -0.0587 * (x_0)**2 * (-1.2192 + 1.2329 * t),-4.411006262628656
-4.1228 * sin(0.2841 * x_0) + 3.8669 * (-0.7791 + 0.7878 * t + -0.0086 * (x_0)**3)**-1 * (-1.2192 + 1.2329 * t) + -0.0587 * (x_0)**2 * (-1.2192 + 1.2329 * t),-4.411006262628656
-8.3388 + 8.4325 * t + -0.0438 * (x_0)**4 + -0.9974 * log(0.2094 * x_0) + -2.8083 * (-0.3471 + 0.3510 * t + -0.0012 * (x_0)**3 * (-1.2192 + 1.2329 * t))**-1 * (-1.2192 + 1.2329 * t),-0.6788355306021239
0.0007 * (x_0)**5 * cos(0.1721 * x_0) + -6.2663 * (-0.0371 + 0.0375 * t + -0.0267 * (x_0)**2 * (-1.2192 + 1.2329 * t))**-1 * (-1.2192 + 1.2329 * t),0.04109819998898978
-6.9864 * (-0.4808 + 0.4862 * t + 0.0018 * (x_0)**3 * (-1.2192 + 1.2329 * t))**-1 + -0.0007 * (x_0)**4 * sin(0.6592 * x_0 * (-1.2192 + 1.2329 * t)),-26.961766335625285
