Predicted solution,R2
-0.0108 * (0.3684 + 0.7895 * t) * exp(0.8103 * x_0 * (0.3684 + 0.7895 * t)) + -2747.9375 * (x_0)**5 * (0.0498 + 0.1068 * t + 3841.8754 * (x_0)**4 * (0.3684 + 0.7895 * t))**-1 * (0.3684 + 0.7895 * t),-2.643959491821131
-0.0283 + -0.0607 * t + -0.6142 * (x_0)**2 * (sin(1.3785 * x_0))**-1 * (0.3684 + 0.7895 * t),-2.6781273707933737
-0.2608 + -0.5589 * t + -0.5083 * x_0 * (0.3524 + 0.7551 * t + -0.1458 * (x_0)**3 * (0.3684 + 0.7895 * t))**-1 * (0.3684 + 0.7895 * t),-0.12500148064306482
-0.5077 + -1.0879 * t + 0.3443 * (x_0)**2 * (-0.1773 + -0.3799 * t + -0.0952 * (x_0)**5 * (0.3684 + 0.7895 * t))**-1,0.8957944915747239
-0.5077 + -1.0879 * t + 0.3443 * (x_0)**2 * (-0.1773 + -0.3799 * t + -0.0952 * (x_0)**5 * (0.3684 + 0.7895 * t))**-1,0.8957944915747239
