Predicted solution,R2
0.6765 + 5.0738 * t + -0.0020 * (x_0)**3 + 0.5092 * (0.0870 + 0.6522 * t) * exp(-0.0524 * x_0 * (0.0870 + 0.6522 * t)) * log(0.3713 * x_0),-1.409773044639579
1.4075 + -2.1947 * t + 7.4308 * (0.0870 + 0.6522 * t) * cos(0.0177 * x_0 * (0.0870 + 0.6522 * t)),-3.8808696246653476
0.6765 + 5.0738 * t + -0.0020 * (x_0)**3 + 0.5092 * (0.0870 + 0.6522 * t) * exp(-0.0524 * x_0 * (0.0870 + 0.6522 * t)) * log(0.3713 * x_0),-1.409773044639579
0.0021 * (x_0)**3 * (-0.0210 + -0.1578 * t + -0.0002 * (x_0)**3 * (0.0870 + 0.6522 * t))**-1 + 6.9226 * (0.0870 + 0.6522 * t) * exp(-0.1923 * x_0),-2.8995955375679405
-5.9934 * (-0.2679 + 0.0022 * (x_0)**3)**-1 + -5.2605 * (0.0870 + 0.6522 * t) * log(0.0751 * x_0),-3.4914146741639316
