Predicted solution,R2
-0.2989 * (x_0)**2 * (-2.6000 + 1.8000 * t) + 0.0052 * (x_0)**5 * (2.0917 + -1.4481 * t + -0.0643 * (x_0)**3 * (-2.6000 + 1.8000 * t))**-1 * (-2.6000 + 1.8000 * t),0.6708283337205813
-0.0141 * (x_0)**4 * (-2.5028 + 1.7327 * t + 0.0082 * (x_0)**4 * (-2.6000 + 1.8000 * t))**-1 + 0.0112 * (x_0)**5 * (-0.1534 + -0.0037 * (x_0)**4 * (-2.6000 + 1.8000 * t))**-1 * (-2.6000 + 1.8000 * t),0.3436664932230121
-0.2028 * (x_0)**2 + 0.0345 * (x_0)**3 * (-2.6000 + 1.8000 * t) * (2.0467 + -0.0008 * (x_0)**5 + -1.4170 * t),0.7092673514457153
-0.0649 * exp(0.1155 * x_0 * (-2.6000 + 1.8000 * t)) + -0.0118 * (x_0)**5 * (-2.6000 + 1.8000 * t) * (-0.9495 + 0.6574 * t + -0.0758 * (x_0)**2),-0.8103475446782025
-0.0122 * (x_0)**5 * (cos(0.0908 * x_0))**-1 * (-2.6000 + 1.8000 * t) + -0.1259 * (x_0)**2 * (-2.6000 + 1.8000 * t) * exp(-0.1215 * x_0),0.6028915544783884
