Predicted solution,R2
0.0020 * (x_0)**4 + -0.0845 * (x_0)**2 * (-0.5260 + 0.3114 * t) + -0.0091 * (x_0)**3 * (-0.5260 + 0.3114 * t) * exp(1.1735 * x_0 * (-0.5260 + 0.3114 * t)),-802.4202053613808
0.0906 + 0.0709 * (x_0)**2 + -0.1438 * (-0.5260 + 0.3114 * t) * exp(-0.9201 * x_0) * sin(0.3937 * x_0 * (-0.5260 + 0.3114 * t)),0.8677742645294618
0.0020 * (x_0)**4 + -0.0845 * (x_0)**2 * (-0.5260 + 0.3114 * t) + -0.0091 * (x_0)**3 * (-0.5260 + 0.3114 * t) * exp(1.1735 * x_0 * (-0.5260 + 0.3114 * t)),-802.4202053613808
0.2564 * exp(-0.0795 * x_0) + -0.0766 * x_0 * (0.7339 + 0.0194 * (x_0)**3 * (-0.5260 + 0.3114 * t)),-3.6644118356242847
0.0020 * (x_0)**4 + -0.0845 * (x_0)**2 * (-0.5260 + 0.3114 * t) + -0.0091 * (x_0)**3 * (-0.5260 + 0.3114 * t) * exp(1.1735 * x_0 * (-0.5260 + 0.3114 * t)),-802.4202053613808
