Predicted solution,R2
0.6211 + 0.2795 * t + -0.7368 * (0.8163 + 0.3673 * t) * log(0.0628 * x_0) + 0.9924 * (log(1.3241 * x_0))**-1 * (0.8163 + 0.3673 * t) * cos(0.1580 * x_0 * (0.8163 + 0.3673 * t)),-3.641080180706421
0.5049 * (0.8163 + 0.3673 * t) * log(0.1587 * x_0) + 0.0058 * (x_0)**3 * (log(0.2156 * x_0))**-1 * (0.8163 + 0.3673 * t) + 0.0334 * (x_0)**2 * (1 + 0.4500 * t)**2 * cos(0.1052 * x_0 * (0.8163 + 0.3673 * t)),-9.913264673885996
0.5049 * (0.8163 + 0.3673 * t) * log(0.1587 * x_0) + 0.0058 * (x_0)**3 * (log(0.2156 * x_0))**-1 * (0.8163 + 0.3673 * t) + 0.0334 * (x_0)**2 * (1 + 0.4500 * t)**2 * cos(0.1052 * x_0 * (0.8163 + 0.3673 * t)),-9.913264673885996
0.6211 + 0.2795 * t + -0.7368 * (0.8163 + 0.3673 * t) * log(0.0628 * x_0) + 0.9924 * (log(1.3241 * x_0))**-1 * (0.8163 + 0.3673 * t) * cos(0.1580 * x_0 * (0.8163 + 0.3673 * t)),-3.641080180706421
0.09231 + 0.04154 * t + -0.8163 * (-0.5376 + -0.2419 * t)**-1 * (0.8163 + 0.3673 * t),-3.4453370123821063
