Predicted solution,R2
-8.2339 + 1.5391 * t + 0.9368 * log(0.1402 * x_0) * sin(0.3461 * x_0),-3.9090346733259533
-3.3846 + 2.2852 * t,-57.91290153805671
3.4029 * (-0.1326 + 0.0895 * t + -0.0001 * (x_0)**3)**-1 + -0.0114 * (x_0)**2 * (0.2841 + -0.1918 * t)**-1,-0.6366793385395264
0.2955 * x_0 * (-0.2975 + 0.2009 * t)**-1 * (-0.7264 + 0.4905 * t) + 0.8697 * (cos(0.0178 * x_0))**-1 * (-0.7264 + 0.4905 * t) * exp(-0.0143 * x_0 * (-0.7264 + 0.4905 * t)),-3488603048.9299936
-2.5964 + 1.7530 * t + 0.0001 * (x_0)**4 * sin(0.0386 * x_0 * (-0.7264 + 0.4905 * t)),-0.4284015797138945
