Predicted solution,R2
1.0597 * (-0.0226 + 0.0968 * t + -0.3529 * (x_0)**3)**-1 * (-0.1842 + 0.7895 * t) + -1.3339 * (-0.0543 + 0.2327 * t + -0.1295 * (x_0)**4)**-1 * (-0.1842 + 0.7895 * t),-2.4483317261828095
1.0597 * (-0.0226 + 0.0968 * t + -0.3529 * (x_0)**3)**-1 * (-0.1842 + 0.7895 * t) + -1.3339 * (-0.0543 + 0.2327 * t + -0.1295 * (x_0)**4)**-1 * (-0.1842 + 0.7895 * t),-2.4483317261828095
-0.1105 * x_0 * (-0.1811 + 0.7763 * t + 0.1564 * (x_0)**5 * (-0.1842 + 0.7895 * t))**-1 + -0.0167 * (x_0)**4 * (-0.1842 + 0.7895 * t) * cos(0.0870 * x_0),-12.70567632671748
-0.0153 * (x_0)**5 * sin(3.7440 * x_0) + -0.2377 * (x_0)**3 * (-0.1842 + 0.7895 * t) * log(1.5906 * x_0),-15.636965266714842
0.2485 * x_0 * (-0.1842 + 0.7895 * t) + -0.0816 * (x_0)**4 * (-0.1283 + 0.5497 * t + 1.6768 * (x_0)**2)**-1 * (-0.1842 + 0.7895 * t),-39.9681884813725
