Predicted solution,R2
-1.9115 + 2.9661 * t + -0.1921 * (x_0)**3 * (0.4466 + -0.6930 * t + 0.0155 * (x_0)**5 * (-0.8529 + 1.3235 * t))**-1 * (-0.8529 + 1.3235 * t),0.5861368769334896
-1.6288 + 2.5274 * t + -0.1637 * x_0 * (-0.2283 + 0.3543 * t + -0.0276 * (x_0)**4)**-1 * (-0.8529 + 1.3235 * t),-1.5432697713475996
-1.9667 + 3.0518 * t + 0.0989 * (x_0)**3 * exp(-0.3638 * x_0 * (-0.8529 + 1.3235 * t)),0.379051550756478
-1.6640 + 2.5820 * t + -0.2262 * (x_0)**2 * (0.5486 + -0.8513 * t + -0.0032 * (x_0)**4 * (-0.8529 + 1.3235 * t))**-1 * (-0.8529 + 1.3235 * t),0.6885890701557513
-0.7647 + 1.1866 * t + 0.1924 * x_0 * (-0.8529 + 1.3235 * t) * exp(-0.1124 * x_0 * (-0.8529 + 1.3235 * t)),0.6262070461199442
