Predicted solution,R2
-0.2849 * x_0 * exp(0.2004 * x_0) + -0.0224 * (x_0)**2 * (0.9396 + 0.6040 * t) * cos(0.010 * x_0 * (0.9396 + 0.6040 * t)),0.24552297666478484
2.0111 * exp(-0.1142 * x_0 * (0.9396 + 0.6040 * t)),-12.261012046629686
-0.0003 * (x_0)**4 * exp(-0.0647 * x_0 * (0.9396 + 0.6040 * t)),-5.55224332280153
-4.1261 * (0.4559 + 0.2931 * t + -0.0602 * x_0)**-1 + 0.0271 * (x_0)**2 * (0.9396 + 0.6040 * t),-3.0282841071741444
3.8816 * (0.9396 + 0.6040 * t) * exp(-0.0083 * x_0) + -0.e-4 * (x_0)**5 * exp(-0.1188 * x_0 * (0.9396 + 0.6040 * t)),-1799.7551731313245
