Run,Predicted solution,Loss equation
1,"-diff(u,t)+-0.6208380620430518*u^1+0.32948947274756035*1",0.0017360060153583463
2,"-diff(u,t)+-0.36443243059582797*u^1+-0.09141284669325134*log(u/4.439241602787574)",0.00259493322016217
3,"-diff(u,t)+0.8526819332549218*1+-0.5966378936407644*1*(0.8767071627517244+u^1*1.0409699245780089)",0.0017359736793900707
4,"-diff(u,t)+0.32948947274756035*1+-0.6208380620430518*u^1",0.0017360060153583463
5,"-diff(u,t)+-0.6208380620430518*u^1+0.32948947274756035*1",0.0017360060153583463
