Run,Predicted solution,Loss equation
1,"-diff(u,t)+-2.778960359479185*t*log(u*5.304245978995896)+17.452337158689666*t*1",0.8400836896375538
2,"-diff(u,t)+3.0526036445273927*log(u/0.7601629888897539*t)/exp(u*0.001183309826010648*t)+-3.3924538373090507*1",0.7159600505373258
3,"-diff(u,t)+-0.6075184835006516*t*1+0.6808607121418704*u^1*exp(u*-0.019583559667264903)",0.7102799364923582
4,"-diff(u,t)+3.8986091771585336*t*u^1/(2.4000271785975715*t+u^1/4.295904302073797*t)+-0.9870096990484241*t*1",0.976265880558495
5,"-diff(u,t)+-1.8824434230942308*1/(1.117259408327193+u^1/-0.22333066316114333)+-0.029288804888874462*t*u^1+1.1373394355829003*t*1+1.5340421800990045*t*1+3.7207266690669925*1",0.6372687357079164
