Run,Predicted solution,Loss equation
1,"-diff(u,t)+0.004074694750883769*t*1*(0.4514763845004106*t+u^1/2.16641759027371*t)+-0.0037172856327437028*u^2+1.7774386684097156*1",0.30652958762458116
2,"-diff(u,t)+0.021925778005661454*t*u^1+1.2360631588707034*t*1/(2.6003373540698593+u^1*0.4775608464329516*t)+-0.001759634110871682*u^2+0.5894642177709598*1",0.35799250609528593
3,"-diff(u,t)+0.6021319665818954*u^2/(7.353572201250076*t+u^2/54.646549716686266)+1.5184994139284647*1",0.31778181599153094
4,"-diff(u,t)+0.029710493908547235*t*1+0.76915894942162*t*exp(u*-0.3049119918331923)+0.21666722644487346*u^1",0.4393245164939553
5,"-diff(u,t)+-94.5585023607428*t*1/(3.2283851206728293*t+u^2/94.05639981007462)+30.504675345416018*1",0.36218985060237024
