Run,Predicted solution,Loss equation
1,"-diff(u,t)+-0.030956371579147435*t*sin(u*2.3062894893258408)",0.007366767021177374
2,"-diff(u,t)+-0.030956371579147435*t*sin(u*2.3062894893258408)",0.007366767021177374
3,"-diff(u,t)+-0.030956371579147435*t*sin(u*2.3062894893258408)",0.007366767021177374
4,"-diff(u,t)+-0.030956371579147435*t*sin(u*2.3062894893258408)",0.007366767021177374
5,"-diff(u,t)+-0.030956371579147435*t*sin(u*2.3062894893258408)",0.007366767021177374
