Run,Predicted solution,Loss equation
1,"-diff(u,t)+-0.16510036387828997*t*1+3.4969490508354824*1+0.8755852397956764*1+1.2903684831120898*1+0.6694221576795854*1+-0.13160443355869778*u^1+1.2842171165904654*1+4.634949708994357*1",1.0843029010124454
2,"-diff(u,t)+-0.1802454719945302*u^1+8.914760743437139*1+1.2683477576878222*1+2.527061699264736*1",1.2021035366297383
3,"-diff(u,t)+38320.24366579507*1/(4009.064595460758+u^4/9298.146761383276*t)",1.1710698566998885
4,"-diff(u,t)+-4.902907747954361*1+-0.6296548870493366*t*1+15.624232126477118*1+-0.09161549911708378*t*sin(u*1.0031460878084313)",1.3973498730707072
5,"-diff(u,t)+12.712137079957374*1+-0.18025863063302117*u^1",1.2021043399728821
