Run,Predicted solution,Loss equation
1,"-diff(u,t)+0.9085343333994207*cos(u*0.8194623423064362)+-0.23038843371230533*1",0.004120551096398003
2,"-diff(u,t)+0.32370649176126076*u^1*cos(u*1.0532813608052205)+0.047821091897535*1",0.007848099209689431
3,"-diff(u,t)+-0.23038843371230533*1+0.9085343333994207*cos(u*0.8194623423064362)",0.004120551096398005
4,"-diff(u,t)+-0.4146184843069294*1+0.5424167110632243*sin(u*1.4461092185846227)",0.00954937712907649
5,"-diff(u,t)+-0.4146184843069294*1+0.5424167110632243*sin(u*1.4461092185846227)",0.00954937712907649
