Run,Predicted solution,Loss equation
1,"-diff(u,t)+-0.3338851547358693*t*1+1.0860733375307532*t*1+0.6470226566574402*t*1+0.5252007771685814*t*1+-1.884084893679765*t*1",0.024289656164028728
2,"-diff(u,t)+-0.3338851547358693*t*1+1.0860733375307532*t*1+0.6470226566574402*t*1+0.5252007771685814*t*1+-1.884084893679765*t*1",0.024289656164028728
3,"-diff(u,t)+0.040331914399579415*t*1",0.02428970628608968
4,"-diff(u,t)+0.040331914399579415*t*1",0.02428970628608968
5,"-diff(u,t)+0.040331914399579415*t*1",0.02428970628608968
