Run,Predicted solution,Loss equation
1,"-diff(u,t)+-0.7688749189347247*1+-0.06785615983226898*t*exp(u/0.6597225978236052)*cos(u*2.2812733227937754)+1.4870639604824931*1+-2.2889325307390953*u^2",0.06374427899498356
2,"-diff(u,t)+-1.032868430409267*t*u^2+-0.024809574725488906*1+0.42111307159633704*t*u^2*sin(u/0.6046971420736169)+0.6002236071851746*1",0.08974868632269416
3,"-diff(u,t)+0.0791955032205458*u^5*exp(u/5.0052778023295765)+-0.3748685531743268*t*u^4",0.11148473178577552
4,"-diff(u,t)+-0.7247454311887095*t*u^2/sin(u*0.8132607656204054)+2.065214721652745*1+-0.6634831878605704*u^2/sin(u*1.1553083377924462)",0.05332372008927088
5,"-diff(u,t)+-0.40980812520372345*t*u^3+0.018772003159949743*t*1+0.027702461679679533*t*u^3/cos(u/1.0470974661396515*t)",0.07028120146274927
