Run,Predicted solution,Loss equation
1,"-diff(u,t)+0.458159767530219*u^1+0.06443061906219585*1+-0.6069971439390376*u^3",0.0057888306944237095
2,"-diff(u,t)+0.22868028492658365*sin(u/0.30511078989579465)",0.008762930848955089
3,"-diff(u,t)+0.2285864347108682*sin(u*3.278626605983762)",0.00876147659318255
4,"-diff(u,t)+0.2285864347108682*sin(u*3.278626605983762)",0.00876147659318255
5,"-diff(u,t)+0.2285864347108682*sin(u*3.278626605983762)",0.00876147659318255
