Run,Predicted solution,Loss equation
1,"-diff(u,t)+0.03399013439923336*exp(u/1.7728693231399948)",0.009228779946035668
2,"-diff(u,t)+0.03399013439923336*exp(u/1.7728693231399948)",0.009228779946035668
3,"-diff(u,t)+0.03399013439923336*exp(u/1.7728693231399948)",0.009228779946035668
4,"-diff(u,t)+0.049699471436636104*sin(u*2.4541833267964446)+0.1462157043248919*1",0.007339139544014272
5,"-diff(u,t)+0.03399013439923336*exp(u/1.7728693231399948)",0.009228779946035668
